{
  "format_version": "1.20.10",
  "minecraft:block": {
    "description": {
      "identifier": "gaia:bedrock_mineral_resevoir"
    },
    "components": {
      "minecraft:loot": "loot_tables/blocks/empty.json",
      "minecraft:destructible_by_mining": {
        "seconds_to_destroy": 99999
      },
      "minecraft:destructible_by_explosion": {
        "explosion_resistance": 999999
      },
      "minecraft:map_color": "#ffffff",
      "minecraft:material_instances": {
        "*": {
          "texture": "gaia_bedrock",
          "render_method": "opaque"
        }
      },
      "minecraft:unit_cube": {}
    }
  }
}
