{
  "format_version": "1.20.10",
  "minecraft:block": {
    "description": {
      "identifier": "gaia:pebbles",
      "menu_category": {
        "category": "nature",
        "group": "itemGroup.name.stone"
      }
    },
    "components": {
      "tag:ore": {},
      "tag:stone": {},
      "minecraft:loot": "loot_tables/blocks/empty.json",
      "minecraft:destructible_by_mining": {
        "seconds_to_destroy": 1
      },
      "minecraft:on_player_destroyed": {
        "event": "destroy",
        "condition": "(query.equipped_item_any_tag('slot.weapon.mainhand','minecraft:is_pickaxe'))"
      },
      "minecraft:unit_cube": {},
      "minecraft:destructible_by_explosion": {
        "explosion_resistance": 1
      },
      "minecraft:material_instances": {
        "*": {
          "texture": "pebbles",
          "render_method": "opaque"
        }
      }
    },
    "events": {
      "destroy": {
        "spawn_loot": {
          "table": "loot_tables/blocks/gaia/pebbles.json"
        }
      }
    }
  }
}
