{
  "format_version": "1.20.30",
  "minecraft:block": {
    "description": {
      "identifier": "gaia:gold_fire",
      "menu_category": {
        "category": "none"
      }
    },
    "components": {
      "minecraft:light_dampening": 0,
      "minecraft:collision_box": false,
      "minecraft:light_emission": 15,
      "minecraft:selection_box": false,
      "minecraft:geometry": "geometry.gaia_fire",
      "minecraft:destructible_by_explosion": false,
      "minecraft:queued_ticking": {
        "looping": true,
        "interval_range": [100, 300], 
        "on_tick": {
          "event": "gaia:puff"
        }
      },
      "minecraft:material_instances": {
        "*": {
          "texture": "gold_fire", 
          "render_method": "blend",
          "ambient_occlusion": false,
          "face_dimming": false
        }
      },
      "minecraft:loot": "loot_tables/empty.json",
      "minecraft:on_interact" : {
        "event": "gaia:puff2",
        "target": "self"
      },
      "tag:fire": {}
    },
    "events": {
      "gaia:puff": {
        "run_command": {
          "target": "self",
          "command": [ "fill ~~~ ~~~ air replace gaia:gold_fire" ]
        }
      },
      "gaia:puff2": {
        "run_command": {
          "target": "self",
          "command": [ "fill ~~~ ~~~ air replace gaia:gold_fire",
                       "playsound fire.fire @p" ]
        }
        }}}}