{
  "format_version": "1.19.50",
  "minecraft:block": {
    "description": {
      "identifier": "gaia:large_crate",
      "menu_category": {
        "category": "items",
        "group": "itemGroup.name.furnaces",
        "is_hidden_in_commands": false
      },
      "states": {
        "gaiadimension:direction": [0, 1, 2, 3, 4, 5, 6],
        "gaiadimension:lit": [false, true],
        "gaiadimension:entity": [false, true]
      }
    },
    "components": {
      "minecraft:collision_box": true,
      "minecraft:selection_box": true,
      "minecraft:display_name": "Large Crate",
      "minecraft:material_instances": {
        "*": {
          "texture": "large_crate",
          "render_method": "opaque",
          "minecraft:map_color": "#ffffff"
        }
      },
      "minecraft:unit_cube": {},
      "minecraft:on_placed": {
        "event": "setEntity"
      },
      "minecraft:on_player_placing": {
        "event": "setDirection"
      }
    },
    "events": {
      "setEntity": {
        "sequence": [
          {
            "condition": "q.block_property('gaiadimension:entity') == false",
            "set_block_property": {
              "gaiadimension:entity": true
            },
            "run_command": {
              "command": [
                "summon gaia:large_crate_container large_crate_ui ~~~"
              ]
            }
          }
        ]
      },
      "setDirection": {
        "set_block_property": {
          "gaiadimension:direction": "(q.cardinal_facing_2d-2)"
        }
      }
    },
    "permutations": [
      {
        "condition": "q.block_property('gaiadimension:lit') == true",
        "components": {
          "minecraft:material_instances": {
            "*": {
              "texture": "large_crate",
              "render_method": "opaque",
              "minecraft:map_color": "#ffffff"
            }
          }
        }
      },
      {
        "condition": "q.block_property('gaiadimension:direction') == 0",
        "components": {
          "minecraft:rotation": [0, 0, 0]
        }
      },
      {
        "condition": "q.block_property('gaiadimension:direction') == 1",
        "components": {
          "minecraft:rotation": [0, 180, 0]
        }
      },
      {
        "condition": "q.block_property('gaiadimension:direction') == 2",
        "components": {
          "minecraft:rotation": [0, 90, 0]
        }
      },
      {
        "condition": "q.block_property('gaiadimension:direction') == 3",
        "components": {
          "minecraft:rotation": [0, 270, 0]
        }
      }
    ]
  }
}
