{
  "block_sounds": {
    "light_soil": {
      "events": {
        "break": {
          "pitch": [1.3, 1.5],
          "sound": "dig.nether_wart",
          "volume": 1.0
        },
        "default": "",
        "hit": {
          "pitch": 1.0,
          "sound": "hit.nether_wart",
          "volume": 0.32
        },
        "item.use.on": {
          "pitch": 1.3,
          "sound": "use.nether_wart"
        },
        "place": {
          "pitch": [1.3, 1.5],
          "sound": "dig.nether_wart",
          "volume": 0.7
        },
        "power.off": {
          "pitch": 0.5,
          "sound": "block.click"
        },
        "power.on": {
          "pitch": 0.6,
          "sound": "block.click"
        }
      },
      "pitch": 1.0,
      "volume": 1.0
    }
  }
}
