{
  "gaia:heavy_soil": {
    "textures": "gaia_heavy_soil",
    "sound": "gravel"
  },
  "gaia:salt": {
    "textures": "gaia_salt",
    "sound": "sand"
  },
  "gaia:block_of_aura_crystal": {
    "textures": "gaia_block_of_aura_crystal",
    "sound": "stone"
  },
  "gaia:active_rock": {
    "textures": "ani_gaia_active_rock",
    "sound": "stone"
  },
  "gaia:pink_glitter_grass": {
    "textures": {
      "up": "gaia_pink_glitter_grass_up",
      "down": "gaia_pink_glitter_grass_down",
      "side": "gaia_pink_glitter_grass_side"
    },
    "sound": "grass"
  },
  "gaia:blue_glitter_grass": {
    "textures": {
      "up": "gaia_blue_glitter_grass_up",
      "down": "gaia_blue_glitter_grass_down",
      "side": "gaia_blue_glitter_grass_side"
    },
    "sound": "grass"
  },
  "gaia:yellow_glitter_grass": {
    "textures": {
      "up": "gaia_yellow_glitter_grass_up",
      "down": "gaia_yellow_glitter_grass_down",
      "side": "gaia_yellow_glitter_grass_side"
    },
    "sound": "grass"
  },
  "gaia:green_glitter_grass": {
    "textures": {
      "up": "gaia_green_glitter_grass_up",
      "down": "gaia_green_glitter_grass_down",
      "side": "gaia_green_glitter_grass_side"
    },
    "sound": "grass"
  },
  "gaia:bolstered_brick": {
    "textures": "gaia_bolstered_brick",
    "sound": "normal"
  },
  "gaia:boggy_soil": {
    "textures": "gaia_boggy_soil",
    "sound": "gravel"
  },
  "gaia:benitoite_block": {
    "textures": "gaia_benitoite_block",
    "sound": "stone"
  },
  "gaia:aura_leaves": {
    "textures": "gaia_aura_leaves",
    "sound": "grass"
  },
  "gaia:aura_planks": {
    "textures": "gaia_aura_planks",
    "sound": "wood"
  },
  "gaia:bismuth_block": {
    "textures": "gaia_bismuth_block",
    "sound": "normal"
  },
  "gaia:aura_log": {
    "textures": {
      "up": "gaia_aura_log_up",
      "down": "gaia_aura_log_down",
      "side": "gaia_aura_log_side"
    },
    "sound": "normal"
  },
  "gaia:agate_crafting_table": {
    "textures": {
      "up": "gaia_agate_crafting_table_up",
      "down": "gaia_agate_crafting_table_down",
      "north": "gaia_agate_crafting_table_north",
      "south": "gaia_agate_crafting_table_south",
      "east": "gaia_agate_crafting_table_east",
      "west": "gaia_agate_crafting_table_west"
    },
    "sound": "wood"
  },
  "gaia:volcanic_rock": {
    "textures": "gaia_volcanic_rock",
    "sound": "gravel"
  },
  "gaia:chalcedony_block": {
    "textures": "gaia_chalcedony_block",
    "sound": "metal"
  },
  "gaia:blue_agate_planks": {
    "textures": "gaia_blue_agate_planks",
    "sound": "wood"
  },
  "gaia:blue_agate_leaves": {
    "textures": "gaia_blue_agate_leaves",
    "sound": "grass"
  },
  "gaia:burning_planks": {
    "textures": "ani_gaia_burning_planks",
    "sound": "wood"
  },
  "gaia:burning_log": {
    "textures": "ani_gaia_burning_log",
    "sound": "wood"
  },
  "gaia:burning_leaves": {
    "textures": "ani_gaia_burning_leaves",
    "sound": "grass"
  },
  "gaia:blue_agate_log": {
    "textures": {
      "up": "gaia_blue_agate_log_up",
      "down": "gaia_blue_agate_log_down",
      "side": "gaia_blue_agate_log_side"
    },
    "sound": "wood"
  },
  "gaia:burnt_agate": {
    "textures": "gaia_burnt_agate",
    "sound": "wood"
  },
  "gaia:charged_mineral": {
    "textures": "gaia_charged_mineral",
    "sound": "normal"
  },
  "gaia:pink_agate_leaves": {
    "textures": "gaia_pink_agate_leaves",
    "sound": "grass"
  },
  "gaia:cinnabar_block": {
    "textures": "gaia_cinnabar_block",
    "sound": "metal"
  },
  "gaia:green_agate_planks": {
    "textures": "gaia_green_agate_planks",
    "sound": "wood"
  },
  "gaia:purple_agate_leaves": {
    "textures": "gaia_purple_agate_leaves",
    "sound": "grass"
  },
  "gaia:pink_agate_log": {
    "textures": {
      "up": "gaia_pink_agate_log_up",
      "down": "gaia_pink_agate_log_down",
      "side": "gaia_pink_agate_log_side"
    },
    "sound": "wood"
  },
  "gaia:purple_agate_log": {
    "textures": {
      "up": "gaia_purple_agate_log_up",
      "down": "gaia_purple_agate_log_down",
      "side": "gaia_purple_agate_log_side"
    },
    "sound": "wood"
  },
  "gaia:burnt_leaves": {
    "textures": "gaia_burnt_leaves",
    "sound": "grass"
  },
  "gaia:coarse_rock": {
    "textures": "gaia_coarse_rock",
    "sound": "stone"
  },
  "gaia:green_agate_leaves": {
    "textures": "gaia_green_agate_leaves",
    "sound": "grass"
  },
  "gaia:green_agate_log": {
    "textures": {
      "up": "gaia_green_agate_log_up",
      "down": "gaia_green_agate_log_down",
      "side": "gaia_green_agate_log_side"
    },
    "sound": "wood"
  },
  "gaia:cinnabar_ore": {
    "textures": "gaia_cinnabar_ore",
    "sound": "normal"
  },
  "gaia:green_agate_stair": {
    "sound": "wood",
    "textures": "gaia_green_agate_stair"
  },
  "gaia:purple_agate_planks": {
    "textures": "gaia_purple_agate_planks",
    "sound": "grass"
  },
  "gaia:raw_copal": {
    "textures": "gaia_raw_copal",
    "sound": "normal"
  },
  "gaia:copal_bricks": {
    "textures": "gaia_copal_bricks",
    "sound": "stone"
  },
  "gaia:burnt_agate_planks": {
    "textures": "gaia_burnt_agate_planks",
    "sound": "wood"
  },
  "gaia:carnelian_block": {
    "textures": "gaia_carnelian_block",
    "sound": "metal"
  },
  "gaia:burnt_agate_log": {
    "textures": {
      "up": "gaia_burnt_agate_log_up",
      "down": "gaia_burnt_agate_log_down",
      "side": "gaia_burnt_agate_log_side"
    },
    "sound": "wood"
  },
  "gaia:blue_agate_stair": {
    "sound": "wood",
    "textures": "gaia_blue_agate_stair"
  },
  "gaia:green_agate_slab": {
    "sound": "normal",
    "textures": "gaia_green_agate_slab"
  },
  "gaia:aura_stair": {
    "sound": "wood",
    "textures": "gaia_aura_stair"
  },
  "gaia:purple_agate_stair": {
    "sound": "wood",
    "textures": "gaia_purple_agate_stair"
  },
  "gaia:blue_agate_slab": {
    "sound": "normal",
    "textures": "gaia_blue_agate_slab"
  },
  "gaia:pink_agate_stair": {
    "sound": "wood",
    "textures": "gaia_pink_agate_stair"
  },
  "gaia:aura_slab": {
    "sound": "normal",
    "textures": "gaia_aura_slab"
  },
  "gaia:pink_agate_slab": {
    "sound": "wood",
    "textures": "gaia_pink_agate_slab"
  },
  "gaia:purple_agate_slab": {
    "sound": "normal",
    "textures": "gaia_purple_agate_slab"
  },
  "gaia:corrupted_planks": {
    "textures": "gaia_corrupted_planks",
    "sound": "normal"
  },
  "gaia:corrupted_leaves": {
    "textures": "gaia_corrupted_leaves",
    "sound": "grass"
  },
  "gaia:corrupted_slab": {
    "sound": "normal",
    "textures": "gaia_corrupted_slab"
  },
  "gaia:light_soil": {
    "textures": "gaia_light_soil",
    "sound": "gravel"
  },
  "gaia:corrupted_stair": {
    "sound": "wood",
    "textures": "gaia_corrupted_stair"
  },
  "gaia:fossilised_stair": {
    "sound": "wood",
    "textures": "gaia_fossilised_stair"
  },
  "gaia:corrupted_log": {
    "textures": {
      "up": "gaia_corrupted_log_up",
      "down": "gaia_corrupted_log_down",
      "side": "gaia_corrupted_log_side"
    },
    "sound": "wood"
  },
  "gaia:fossilised_log": {
    "textures": {
      "up": "gaia_fossilised_log_up",
      "down": "gaia_fossilised_log_down",
      "side": "gaia_fossilised_log_side"
    },
    "sound": "wood"
  },
  "gaia:fossilised_slab": {
    "sound": "normal",
    "textures": "gaia_fossilised_slab"
  },
  "gaia:burning_stair": {
    "sound": "wood",
    "textures": "gaia_burning_stair"
  },
  "gaia:fossilised_leaves": {
    "textures": "gaia_fossilised_leaves",
    "sound": "grass"
  },
  "gaia:fossilised_planks": {
    "textures": "gaia_fossilised_planks",
    "sound": "normal"
  },
  "gaia:burning_slab": {
    "sound": "normal",
    "textures": "gaia_burning_slab"
  },
  "gaia:corrupted_soil": {
    "textures": "gaia_corrupted_soil",
    "sound": "gravel"
  },
  "gaia:jade_bricks": {
    "textures": "gaia_jade_bricks",
    "sound": "normal"
  },
  "gaia:cracked_gaia_stone_brick": {
    "textures": "gaia_cracked_gaia_stone_brick",
    "sound": "normal"
  },
  "gaia:gaia_cobblestone": {
    "textures": "gaia_gaia_cobblestone",
    "sound": "normal"
  },
  "gaia:raw_jade": {
    "textures": "gaia_raw_jade",
    "sound": "normal"
  },
  "gaia:cloudy_glass": {
    "textures": "gaia_cloudy_glass",
    "sound": "glass"
  },
  "gaia:cracked_jade_brick": {
    "textures": "gaia_cracked_jade_brick",
    "sound": "normal"
  },
  "gaia:gaia_cobblestone_slab": {
    "sound": "normal",
    "textures": "gaia_gaia_cobblestone_slab"
  },
  "gaia:gaia_cobblestone_stair": {
    "sound": "stone",
    "textures": "gaia_gaia_cobblestone_stair"
  },
  "gaia:foggy_glass": {
    "textures": "gaia_foggy_glass",
    "sound": "glass"
  },
  "gaia:gaia_stone": {
    "textures": "gaia_gaia_stone",
    "sound": "stone"
  },
  "gaia:malachite_bricks": {
    "textures": "gaia_malachite_bricks",
    "sound": "normal"
  },
  "gaia:amethyst_slab": {
    "sound": "stone",
    "textures": "gaia_amethyst_slab"
  },
  "gaia:pink_agate_planks": {
    "textures": "gaia_pink_agate_planks",
    "sound": "wood"
  },
  "gaia:gaia_stone_slab": {
    "sound": "stone",
    "textures": "gaia_gaia_stone_slab"
  },
  "gaia:amethyst_brick": {
    "textures": "gaia_amethyst_brick",
    "sound": "normal"
  },
  "gaia:gaia_stone_stair": {
    "sound": "stone",
    "textures": "gaia_gaia_stone_stair"
  },
  "gaia:amethyst_stair": {
    "sound": "stone",
    "textures": "gaia_amethyst_stair"
  },
  "gaia:diopside_block": {
    "textures": "gaia_diopside_block",
    "sound": "normal"
  },
  "gaia:cracked_gaia_stone_brick_stairs": {
    "sound": "stone",
    "textures": "gaia_cracked_gaia_stone_brick_stairs"
  },
  "gaia:green_agate_wood": {
    "textures": "gaia_green_agate_wood",
    "sound": "wood"
  },
  "gaia:pink_agate_wood": {
    "textures": "gaia_pink_agate_wood",
    "sound": "wood"
  },
  "gaia:stripped_aura_wood": {
    "textures": "gaia_stripped_aura_wood",
    "sound": "wood"
  },
  "gaia:aura_wood": {
    "textures": "gaia_aura_wood",
    "sound": "wood"
  },
  "gaia:blue_agate_wood": {
    "textures": "gaia_blue_agate_wood",
    "sound": "wood"
  },
  "gaia:malachite_planks": {
    "textures": "gaia_malachite_planks",
    "sound": "normal"
  },
  "gaia:purple_agate_wood": {
    "textures": "gaia_purple_agate_wood",
    "sound": "wood"
  },
  "gaia:burnt_agate_wood": {
    "textures": "gaia_burnt_agate_wood",
    "sound": "wood"
  },
  "gaia:precious_rock": {
    "textures": "gaia_precious_rock",
    "sound": "stone"
  },
  "gaia:corrupted_wood": {
    "textures": "gaia_corrupted_wood",
    "sound": "wood"
  },
  "gaia:fossilised_wood": {
    "textures": "gaia_fossilised_wood",
    "sound": "wood"
  },
  "gaia:burning_wood": {
    "textures": "ani_gaia_burning_wood",
    "sound": "wood"
  },
  "gaia:jade_brick_stair": {
    "sound": "normal",
    "textures": "gaia_jade_brick_stair"
  },
  "gaia:pyrite_block": {
    "textures": "gaia_pyrite_block",
    "sound": "normal"
  },
  "gaia:cracked_jade_brick_stair": {
    "sound": "normal",
    "textures": "gaia_cracked_jade_brick_stair"
  },
  "gaia:malachite_tile_slab": {
    "sound": "normal",
    "textures": "gaia_malachite_tile_slab"
  },
  "gaia:cracked_jade_brick_slab": {
    "sound": "normal",
    "textures": "gaia_cracked_jade_brick_slab"
  },
  "gaia:stripped_purple_agate_wood": {
    "textures": "gaia_stripped_purple_agate_wood",
    "sound": "wood"
  },
  "gaia:jade_brick_slab": {
    "sound": "normal",
    "textures": "gaia_jade_brick_slab"
  },
  "gaia:stripped_corrupted_wood": {
    "textures": "gaia_stripped_corrupted_wood",
    "sound": "wood"
  },
  "gaia:stripped_pink_agate_wood": {
    "textures": "gaia_stripped_pink_agate_wood",
    "sound": "wood"
  },
  "gaia:stripped_green_agate_wood": {
    "textures": "gaia_stripped_green_agate_wood",
    "sound": "wood"
  },
  "gaia:stripped_fossilised_wood": {
    "textures": "gaia_stripped_fossilised_wood",
    "sound": "wood"
  },
  "gaia:stripped_burnt_agate_wood": {
    "textures": "gaia_stripped_burnt_agate_wood",
    "sound": "wood"
  },
  "gaia:stripped_burning_wood": {
    "textures": "ani_gaia_stripped_burning_wood",
    "sound": "wood"
  },
  "gaia:stripped_blue_agate_wood": {
    "textures": "gaia_stripped_blue_agate_wood",
    "sound": "wood"
  },
  "gaia:stripped_corrupted_log": {
    "textures": {
      "up": "gaia_stripped_corrupted_log_up",
      "down": "gaia_stripped_corrupted_log_down",
      "side": "gaia_stripped_corrupted_log_side"
    },
    "sound": "wood"
  },
  "gaia:stripped_burning_log": {
    "textures": "ani_gaia_stripped_burning_log",
    "sound": "wood"
  },
  "gaia:stripped_blue_agate_log": {
    "textures": {
      "up": "gaia_stripped_blue_agate_log_up",
      "down": "gaia_stripped_blue_agate_log_down",
      "side": "gaia_stripped_blue_agate_log_side"
    },
    "sound": "wood"
  },
  "gaia:stripped_aura_log": {
    "textures": {
      "up": "gaia_stripped_aura_log_up",
      "down": "gaia_stripped_aura_log_down",
      "side": "gaia_stripped_aura_log_side"
    },
    "sound": "normal"
  },
  "gaia:stripped_purple_agate_log": {
    "textures": {
      "up": "gaia_stripped_purple_agate_log_up",
      "down": "gaia_stripped_purple_agate_log_down",
      "side": "gaia_stripped_purple_agate_log_side"
    },
    "sound": "wood"
  },
  "gaia:stripped_green_agate_log": {
    "textures": {
      "up": "gaia_stripped_green_agate_log_up",
      "down": "gaia_stripped_green_agate_log_down",
      "side": "gaia_stripped_green_agate_log_side"
    },
    "sound": "wood"
  },
  "gaia:stripped_burnt_agate_log": {
    "textures": {
      "up": "gaia_stripped_burnt_agate_log_up",
      "down": "gaia_stripped_burnt_agate_log_down",
      "side": "gaia_stripped_burnt_agate_log_side"
    },
    "sound": "wood"
  },
  "gaia:stripped_pink_agate_log": {
    "textures": {
      "up": "gaia_stripped_pink_agate_log_up",
      "down": "gaia_stripped_pink_agate_log_down",
      "side": "gaia_stripped_pink_agate_log_side"
    },
    "sound": "wood"
  },
  "gaia:stripped_fossilised_log": {
    "textures": {
      "up": "gaia_stripped_fossilised_log_up",
      "down": "gaia_stripped_fossilised_log_down",
      "side": "gaia_stripped_fossilised_log_side"
    },
    "sound": "wood"
  },
  "gaia:hematite_block": {
    "textures": "gaia_hematite_block",
    "sound": "metal"
  },
  "gaia:burnt_agate_tile_slab": {
    "sound": "wood",
    "textures": "gaia_burnt_agate_tile_slab"
  },
  "gaia:burnt_agate_stair": {
    "sound": "wood",
    "textures": "gaia_burnt_agate_stair"
  },
  "gaia:hematite_ore": {
    "textures": "gaia_hematite_ore",
    "sound": "stone"
  },
  "gaia:raw_jet": {
    "textures": "gaia_raw_jet",
    "sound": "normal"
  },
  "gaia:ixiolite_block": {
    "textures": "gaia_ixiolite_block",
    "sound": "metal"
  },
  "gaia:raw_amethyst": {
    "textures": "gaia_raw_amethyst",
    "sound": "normal"
  },
  "gaia:sugilite_ore": {
    "textures": "gaia_sugilite_ore",
    "sound": "stone"
  },
  "gaia:murky_grass": {
    "textures": {
      "up": "gaia_murky_grass_up",
      "down": "gaia_murky_grass_down",
      "side": "gaia_murky_grass_side"
    },
    "sound": "grass"
  },
  "gaia:jet_brick_stair": {
    "sound": "stone",
    "textures": "gaia_jet_brick_stair"
  },
  "gaia:impure_rock": {
    "textures": "gaia_impure_rock",
    "sound": "normal"
  },
  "gaia:pyrite_ore": {
    "textures": "gaia_pyrite_ore",
    "sound": "stone"
  },
  "gaia:impure_sludge": {
    "textures": "gaia_impure_sludge",
    "sound": "slime"
  },
  "gaia:jet_brick": {
    "textures": "gaia_jet_brick",
    "sound": "normal"
  },
  "gaia:jet_brick_slab": {
    "sound": "stone",
    "textures": "gaia_jet_brick_slab"
  },
  "gaia:corrupted_grass": {
    "textures": {
      "up": "gaia_corrupted_grass_up",
      "down": "gaia_corrupted_grass_down",
      "side": "gaia_corrupted_grass_side"
    },
    "sound": "normal"
  },
  "gaia:purple_glitter_grass": {
    "textures": {
      "up": "gaia_purple_glitter_grass_up",
      "down": "gaia_purple_glitter_grass_down",
      "side": "gaia_purple_glitter_grass_side"
    },
    "sound": "grass"
  },
  "gaia:white_opal_ore": {
    "textures": "gaia_white_opal_ore",
    "sound": "stone"
  },
  "gaia:green_opal_ore": {
    "textures": "gaia_green_opal_ore",
    "sound": "stone"
  },
  "gaia:searing_rock": {
    "textures": "gaia_searing_rock",
    "sound": "stone"
  },
  "gaia:red_opal_ore": {
    "textures": "gaia_red_opal_ore",
    "sound": "stone"
  },
  "gaia:blue_opal_ore": {
    "textures": "gaia_blue_opal_ore",
    "sound": "stone"
  },
  "gaia:green_opal_block": {
    "textures": "gaia_green_opal_block",
    "sound": "stone"
  },
  "gaia:white_opal_block": {
    "textures": "gaia_white_opal_block",
    "sound": "stone"
  },
  "gaia:blue_opal_block": {
    "textures": "gaia_blue_opal_block",
    "sound": "stone"
  },
  "gaia:red_opal_block": {
    "textures": "gaia_red_opal_block",
    "sound": "stone"
  },
  "gaia:copal_brick_stair": {
    "sound": "stone",
    "textures": "gaia_copal_brick_stair"
  },
  "gaia:cracked_copal_bricks": {
    "textures": "gaia_cracked_copal_bricks",
    "sound": "stone"
  },
  "gaia:copal_brick_slab": {
    "sound": "stone",
    "textures": "gaia_copal_brick_slab"
  },
  "gaia:cracked_copal_brick_slab": {
    "sound": "stone",
    "textures": "gaia_cracked_copal_brick_slab"
  },
  "gaia:cracked_copal_brick_stair": {
    "sound": "stone",
    "textures": "gaia_cracked_copal_brick_stair"
  },
  "gaia:soft_grass": {
    "textures": {
      "up": "gaia_soft_grass_up",
      "down": "gaia_soft_grass_down",
      "side": "gaia_soft_grass_side"
    },
    "sound": "grass"
  },
  "gaia:cracked_jet_brick": {
    "textures": "gaia_cracked_jet_brick",
    "sound": "normal"
  },
  "gaia:cracked_jet_brick_stair": {
    "sound": "stone",
    "textures": "gaia_cracked_jet_brick_stair"
  },
  "gaia:cracked_jet_brick_slab": {
    "sound": "stone",
    "textures": "gaia_cracked_jet_brick_slab"
  },
  "gaia:crusted_jet_brick_stair": {
    "sound": "stone",
    "textures": "gaia_crusted_jet_brick_stair"
  },
  "gaia:green_soft_grass": {
    "textures": {
      "up": "gaia_green_soft_grass_up",
      "down": "gaia_green_soft_grass_down",
      "side": "gaia_green_soft_grass_side"
    },
    "sound": "normal"
  },
  "gaia:crusted_copal_brick_stair": {
    "sound": "stone",
    "textures": "gaia_crusted_copal_brick_stair"
  },
  "gaia:crusted_jade_brick": {
    "textures": "gaia_crusted_jade_brick",
    "sound": "normal"
  },
  "gaia:cracked_gaia_stone_brick_slab": {
    "sound": "stone",
    "textures": "gaia_cracked_gaia_stone_brick_slab"
  },
  "gaia:crusted_jet_brick_slab": {
    "sound": "stone",
    "textures": "gaia_crusted_jet_brick_slab"
  },
  "gaia:crusted_malachite_bricks": {
    "textures": "gaia_crusted_malachite_bricks",
    "sound": "normal"
  },
  "gaia:crusted_jade_brick_stair": {
    "sound": "stone",
    "textures": "gaia_crusted_jade_brick_stair"
  },
  "gaia:crusted_jade_brick_slab": {
    "sound": "stone",
    "textures": "gaia_crusted_jade_brick_slab"
  },
  "gaia:crusted_jet_brick": {
    "textures": "gaia_crusted_jet_brick",
    "sound": "normal"
  },
  "gaia:crusted_copal_brick": {
    "textures": "gaia_crusted_copal_brick",
    "sound": "normal"
  },
  "gaia:crusted_amethyst_brick": {
    "textures": "gaia_crusted_amethyst_brick",
    "sound": "normal"
  },
  "gaia:crusted_copal_brick_slab": {
    "sound": "stone",
    "textures": "gaia_crusted_copal_brick_slab"
  },
  "gaia:crusted_amethyst_brick_stair": {
    "sound": "stone",
    "textures": "gaia_crusted_amethyst_brick_stair"
  },
  "gaia:crusted_malachite_brick_stair": {
    "sound": "stone",
    "textures": "gaia_crusted_malachite_brick_stair"
  },
  "gaia:crusted_amethyst_brick_slab": {
    "sound": "stone",
    "textures": "gaia_crusted_amethyst_brick_slab"
  },
  "gaia:crusted_malachite_brick_slab": {
    "sound": "stone",
    "textures": "gaia_crusted_malachite_brick_slab"
  },
  "gaia:crusted_gaia_brick_slab": {
    "sound": "stone",
    "textures": "gaia_crusted_gaia_brick_slab"
  },
  "gaia:crusted_gaia_brick_stair": {
    "sound": "stone",
    "textures": "gaia_crusted_gaia_brick_stair"
  },
  "gaia:gaia_brick_slab": {
    "sound": "stone",
    "textures": "gaia_gaia_brick_slab"
  },
  "gaia:crusted_gaia_brick": {
    "textures": "gaia_crusted_gaia_brick",
    "sound": "normal"
  },
  "gaia:gaia_brick": {
    "textures": "gaia_gaia_brick",
    "sound": "normal"
  },
  "gaia:gaia_brick_stair": {
    "sound": "stone",
    "textures": "gaia_gaia_brick_stair"
  },
  "gaia:tektite_block": {
    "textures": "gaia_tektite_block",
    "sound": "metal"
  },
  "gaia:sugilite_block": {
    "textures": "gaia_sugilite_block",
    "sound": "metal"
  },
  "gaia:tektite_ore": {
    "textures": "gaia_tektite_ore",
    "sound": "stone"
  },
  "gaia:moonstone_ore": {
    "textures": "gaia_moonstone_ore",
    "sound": "stone"
  },
  "gaia:pebbles": {
    "textures": "gaia_pebbles",
    "sound": "stone"
  },
  "gaia:speckled_rock": {
    "textures": "gaia_speckled_rock",
    "sound": "stone"
  },
  "gaia:moonstone_block": {
    "textures": "gaia_moonstone_block",
    "sound": "metal"
  },
  "gaia:euclase_block": {
    "textures": "gaia_euclase_block",
    "sound": "metal"
  },
  "gaia:labradorite_block": {
    "textures": "gaia_labradorite_block",
    "sound": "metal"
  },
  "gaia:labradorite_ore": {
    "textures": "gaia_labradorite_ore",
    "sound": "stone"
  },
  "gaia:leucite_block": {
    "textures": "gaia_leucite_block",
    "sound": "metal"
  },
  "gaia:geyser_vent": {
    "textures": {
      "up": "gaia_geyser_vent_up",
      "down": "gaia_geyser_vent_down",
      "side": "gaia_geyser_vent_side"
    },
    "sound": "stone"
  },
  "gaia:pink_sludge_block": {
    "textures": "gaia_pink_sludge_block",
    "sound": "slime"
  },
  "gaia:gummy_glitter_block": {
    "textures": "gaia_gummy_glitter_block",
    "sound": "slime"
  },
  "gaia:proustite_block": {
    "textures": "gaia_proustite_block",
    "sound": "metal"
  },
  "gaia:goldstone_block": {
    "textures": "ani_gaia_goldstone_block",
    "sound": "normal"
  },
  "gaia:malachite_brick_stair": {
    "sound": "stone",
    "textures": "gaia_malachite_brick_stair"
  },
  "gaia:frail_glitter_block": {
    "textures": "gaia_frail_glitter_block",
    "sound": "slime"
  },
  "gaia:thick_glitter_block": {
    "textures": "gaia_thick_glitter_block",
    "sound": "slime"
  },
  "gaia:malachite_tile_stair": {
    "sound": "stone",
    "textures": "gaia_malachite_tile_stair"
  },
  "gaia:sparkling_rock": {
    "textures": "gaia_sparkling_rock",
    "sound": "normal"
  },
  "gaia:chiselled_malachite_brick_slab": {
    "sound": "stone",
    "textures": "gaia_chiselled_malachite_brick_slab"
  },
  "gaia:malachite_brick_slab": {
    "sound": "stone",
    "textures": "gaia_malachite_brick_slab"
  },
  "gaia:cracked_malachite_brick_slab": {
    "sound": "stone",
    "textures": "gaia_cracked_malachite_brick_slab"
  },
  "gaia:cracked_malachite_brick": {
    "textures": "gaia_cracked_malachite_brick",
    "sound": "normal"
  },
  "gaia:chiselled_malachite_brick_stair": {
    "sound": "stone",
    "textures": "gaia_chiselled_malachite_brick_stair"
  },
  "gaia:pulsing_malachite_brick": {
    "textures": "gaia_pulsing_malachite_brick",
    "sound": "stone"
  },
  "gaia:cracked_malachite_brick_stair": {
    "sound": "stone",
    "textures": "gaia_cracked_malachite_brick_stair"
  },
  "gaia:chiselled_malachite_brick": {
    "textures": "gaia_chiselled_malachite_brick",
    "sound": "normal"
  },
  "gaia:pulsing_chiselled_malachite_brick_slab": {
    "sound": "stone",
    "textures": "gaia_pulsing_chiselled_malachite_brick_slab"
  },
  "gaia:pulsing_chiselled_malachite_brick": {
    "textures": "gaia_pulsing_chiselled_malachite_brick",
    "sound": "normal"
  },
  "gaia:pulsing_malachite_brick_stair": {
    "sound": "stone",
    "textures": "gaia_pulsing_malachite_brick_stair"
  },
  "gaia:pulsing_malachite_planks": {
    "textures": "gaia_pulsing_malachite_planks",
    "sound": "normal"
  },
  "gaia:malachite_pillar_stair": {
    "sound": "normal",
    "textures": "gaia_malachite_pillar_stair"
  },
  "gaia:pulsing_chiselled_malachite_brick_stair": {
    "sound": "stone",
    "textures": "gaia_pulsing_chiselled_malachite_brick_stair"
  },
  "gaia:pulsing_malachite_tile_stair": {
    "sound": "stone",
    "textures": "gaia_pulsing_malachite_tile_stair"
  },
  "gaia:malachite_pillar": {
    "textures": {
      "up": "gaia_malachite_pillar_up",
      "down": "gaia_malachite_pillar_down",
      "side": "gaia_malachite_pillar_side"
    },
    "sound": "stone"
  },
  "gaia:cracked_amethyst_bricks": {
    "textures": "gaia_cracked_amethyst_bricks",
    "sound": "stone"
  },
  "gaia:black_glitter_grass": {
    "textures": {
      "up": "gaia_black_glitter_grass_up",
      "down": "gaia_black_glitter_grass_down",
      "side": "gaia_black_glitter_grass_side"
    },
    "sound": "grass"
    },
   "gaia:gaia_portal" : {
      "sound" : "glass",
      "textures" : "gaia_portal"
   },
   "gaia:gaia_portal2" : {
      "sound" : "glass",
      "textures" : "gaia_portal"
   },
   "gaia:gaia_keystone" : {
      "sound" : "stone",
      "textures" : "gaia_keystone"
  },
  "gaia:blue_agate_sapling": {
    "textures": "gaia_blue_agate_sapling",
    "sound": "normal"
  },
  "gaia:burning_sapling": {
    "textures": "gaia_burning_sapling",
    "sound": "normal"
  },
  "gaia:burnt_sapling": {
    "textures": "gaia_burnt_sapling",
    "sound": "normal"
  },
  "gaia:aura_sapling": {
    "textures": "gaia_aura_sapling",
    "sound": "normal"
  },
  "gaia:thiscus": {
    "textures": "gaia_thiscus_stage_0",
    "sound": "normal"
  },
  "gaia:ouzium": {
    "textures": "gaia_ouzium_stage_0",
    "sound": "normal"
  },
  "gaia:corrupted_sapling": {
    "textures": "gaia_corrupted_sapling",
    "sound": "normal"
  },
  "gaia:green_agate_sapling": {
    "textures": "gaia_green_agate_sapling",
    "sound": "normal"
  },
  "gaia:pink_agate_sapling": {
    "textures": "gaia_pink_agate_sapling",
    "sound": "normal"
  },
  "gaia:fossilized_sapling": {
    "textures": "gaia_fossilized_sapling",
    "sound": "normal"
  },
  "gaia:purple_agate_sapling": {
    "textures": "gaia_purple_agate_sapling",
    "sound": "normal"
  },
  "gaia:stickly_cupsir": {
    "textures": "gaia_stickly_cupsir_stage_0",
    "sound": "normal"
  },
  "gaia:thorny_wiltha": {
    "textures": "gaia_thorny_wiltha_stage_0",
    "sound": "normal"
  },
  "gaia:varloom": {
    "textures": "gaia_varloom_stage_0",
    "sound": "normal"
  },
  "gaia:elder_imklia": {
    "textures": "gaia_elder_imklia_stage_0",
    "sound": "normal"
  },
  "gaia:gold_orb_tucher": {
    "textures": "gaia_gold_orb_tucher_stage_0",
    "sound": "normal"
  },
  "gaia:roofed_agaric": {
    "textures": "gaia_roofed_agaric_stage_0",
    "sound": "normal"
  },
  "gaia:fungus_pink": {
    "textures": "gaia_fungus_pink_stage_0",
    "sound": "normal"
  },
  "gaia:missingno_fungus": {
    "textures": "gaia_missingno_fungus_stage_0",
    "sound": "normal"
  },
  "gaia:spotted_kersei": {
    "textures": "gaia_spotted_kersei_stage_0",
    "sound": "normal"
  },
  "gaia:mystical_murgni": {
    "textures": "gaia_mystical_murgni_stage_0",
    "sound": "normal"
  },
  "gaia:missingno_plant": {
    "textures": "gaia_missingno_plant_stage_0",
    "sound": "normal"
  },
  "gaia:crystal_growth_seared": {
    "textures": "gaia_crystal_growth_seared_stage_0",
    "sound": "normal"
  },
  "gaia:crystal_growth": {
    "textures": "gaia_crystal_growth_stage_0",
    "sound": "normal"
  },
  "gaia:corrupted_gaia_eye": {
    "textures": "gaia_corrupted_gaia_eye_stage_0",
    "sound": "normal"
  },
  "gaia:crystal_growth_red": {
    "textures": "gaia_crystal_growth_red_stage_0",
    "sound": "normal"
  },
  "gaia:crystal_growth_aura": {
    "textures": "gaia_crystal_growth_aura_stage_0",
    "sound": "normal"
  },
  "gaia:crystal_growth_mutant": {
    "textures": "gaia_crystal_growth_mutant_stage_0",
    "sound": "normal"
  },
  "gaia:corrupted_varloom": {
    "textures": "gaia_corrupted_varloom_stage_0",
    "sound": "normal"
  },
  "gaia:crystal_growth_black": {
    "textures": "gaia_crystal_growth_black_stage_0",
    "sound": "normal"
  },
  "gaia:bulbous_hobina": {
    "textures": "gaia_bulbous_hobina_stage_0",
    "sound": "normal"
  },
  "gaia:agathum": {
    "textures": "gaia_agathum_stage_0",
    "sound": "normal"
  },
  "format_version": [
    1,
    1,
    0
  ]
}
