{
   "entity_sounds" : {
      "entities" : {
         "gaia:agate_golem" : {
            "events" : {
               "ambient" : "mob.irongolem.say",
               "death" : "mob.irongolem.death",
               "hurt" : "mob.irongolem.hit"
            },
            "pitch" : [ 1.00, 1.00 ],
            "volume" : 10.0
         },
         "gaia:ancient_lagrahk" : {
            "events" : {
               "ambient" : "mob.ravager.ambient",
               "attack.strong" : "mob.ravager.bite",
               "death" : "mob.ravager.death",
               "hurt" : "mob.ravager.hurt",
               "roar" : "mob.ravager.roar",
               "step" : "mob.ravager.step",
               "stun" : "mob.ravager.stun"
            },
            "pitch" : [ 0.70, 0.80 ],
            "volume" : 10.0
         },
         "gaia:archaic_warrior" : {
            "events" : {
               "ambient" : "mob.stray.ambient",
               "death" : "mob.stray.death",
               "hurt" : "mob.stray.hurt"
            },
            "pitch" : [ 1.00, 1.00 ],
            "volume" : 10.0
         },
         "gaia:bismuth_ulterus" : {
            "events" : {
               "ambient" : "mob.ravager.ambient",
               "attack.strong" : "mob.ravager.bite",
               "death" : "mob.ravager.death",
               "hurt" : "mob.ravager.hurt",
               "roar" : "mob.ravager.roar",
               "step" : "mob.ravager.step",
               "stun" : "mob.ravager.stun"
            },
            "pitch" : [ 0.40, 0.50 ],
            "volume" : 10.0
         },
         "gaia:blue_howlite_wolf" : {
            "events" : {
               "ambient" : "mob.wolf.bark",
               "death" : "mob.wolf.death",
               "growl" : "mob.wolf.growl",
               "hurt" : "mob.wolf.hurt"
            },
            "pitch" : [ 1.00, 1.00 ],
            "volume" : 10.0
         },
         "gaia:cavern_tick" : {
            "events" : {
               "ambient" : "mob.silverfish.say",
               "death" : "mob.silverfish.kill",
               "hurt" : "mob.silverfish.hit"
            },
            "pitch" : [ 1.00, 1.00 ],
            "volume" : 10.0
         },
         "gaia:chilled_growth_sapper" : {
            "events" : {
               "ambient" : "mob.shulker.ambient",
               "death" : "mob.shulker.death",
               "hurt" : "mob.shulker.hurt"
            },
            "pitch" : [ 1.20, 1.30 ],
            "volume" : 10.0
         },
         "gaia:common_growth_sapper" : {
            "events" : {
               "ambient" : "mob.shulker.ambient",
               "death" : "mob.shulker.death",
               "hurt" : "mob.shulker.hurt"
            },
            "pitch" : [ 1.20, 1.30 ],
            "volume" : 10.0
         },
         "gaia:contorted_naga" : {
            "events" : {
               "ambient" : "mob.shulker.ambient",
               "death" : "mob.shulker.death",
               "hurt" : "mob.shulker.hurt"
            },
            "pitch" : [ 0.30, 0.40 ],
            "volume" : 10.0
         },
         "gaia:corrupt_growth_sapper" : {
            "events" : {
               "ambient" : "mob.shulker.ambient",
               "death" : "mob.shulker.death",
               "hurt" : "mob.shulker.hurt"
            },
            "pitch" : [ 1.20, 1.30 ],
            "volume" : 10.0
         },
         "gaia:crystal_golem" : {
            "events" : {
               "ambient" : "mob.irongolem.say",
               "death" : "mob.irongolem.death",
               "hurt" : "mob.irongolem.hit"
            },
            "pitch" : [ 1.00, 1.00 ],
            "volume" : 10.0
         },
         "gaia:howlite_wolf" : {
            "events" : {
               "ambient" : "mob.wolf.bark",
               "death" : "mob.wolf.death",
               "growl" : "mob.wolf.growl",
               "hurt" : "mob.wolf.hurt"
            },
            "pitch" : [ 1.00, 1.00 ],
            "volume" : 10.0
         },
         "gaia:lesser_shock_shooter" : {
            "events" : {
               "ambient" : "mob.blaze.breathe",
               "death" : "mob.blaze.death",
               "hurt" : "mob.blaze.hit",
               "shoot" : "mob.blaze.shoot"
            },
            "pitch" : [ 1.00, 1.00 ],
            "volume" : 10.0
         },
         "gaia:lesser_spit_fire" : {
            "events" : {
               "ambient" : "mob.blaze.breathe",
               "death" : "mob.blaze.death",
               "hurt" : "mob.blaze.hit",
               "shoot" : "mob.blaze.shoot"
            },
            "pitch" : [ 1.00, 1.00 ],
            "volume" : 10.0
         },
         "gaia:malachite_drone" : {
            "events" : {
               "ambient" : "mob.blaze.breathe",
               "death" : "mob.blaze.death",
               "hurt" : "mob.blaze.hit",
               "shoot" : "mob.blaze.shoot"
            },
            "pitch" : [ 0.40, 0.50 ],
            "volume" : 10.0
         },
         "gaia:malachite_guard" : {
            "events" : {
               "ambient" : "mob.blaze.breathe",
               "death" : "mob.blaze.death",
               "hurt" : "mob.blaze.hit",
               "shoot" : "mob.blaze.shoot"
            },
            "pitch" : [ 0.40, 0.50 ],
            "volume" : 40.0
         },
         "gaia:markuzar_plant" : {
            "events" : {
               "death" : "land.basalt",
               "ambient" : "step.azalea_leaves",
               "hurt" : "fall.azalea_leaves"
            },
            "pitch" : [ 1.00, 1.00 ],
            "volume" : 30.0
         },
         "gaia:mineral_arenthis" : {
            "events" : {
               "ambient" : "mob.glow_squid.ambient",
               "death" : "mob.glow_squid.death",
               "hurt" : "mob.glow_squid.hurt"
            },
            "pitch" : [ 1.00, 1.00 ],
            "volume" : 10.0
         },
         "gaia:muckling" : {
            "events" : {
               "ambient" : "",
               "attack" : {
                  "pitch" : [ 0.80, 1.20 ],
                  "sound" : "mob.attack"
               },
               "death" : "mob.slime.small",
               "hurt" : "mob.slime.small",
               "squish.big" : {
                  "pitch" : [ 0.640, 0.960 ],
                  "sound" : "mob.slime.big"
               },
               "squish.small" : {
                  "pitch" : [ 0.640, 0.960 ],
                  "sound" : "mob.slime.small"
               }
            },
            "pitch" : [ 1.00, 1.00 ],
            "volume" : 10.0
         },
         "gaia:mutant_growth_extractor" : {
            "events" : {
               "ambient" : "mob.shulker.ambient",
               "death" : "mob.shulker.death",
               "hurt" : "mob.shulker.hurt"
            },
            "pitch" : [ 1.20, 1.30 ],
            "volume" : 10.0
         },
         "gaia:mystified_growth_sapper" : {
            "events" : {
               "ambient" : "mob.shulker.ambient",
               "death" : "mob.shulker.death",
               "hurt" : "mob.shulker.hurt"
            },
            "pitch" : [ 1.20, 1.30 ],
            "volume" : 10.0
         },
         "gaia:nomadic_lagrahk_none" : {
            "events" : {
               "ambient" : "mob.ravager.ambient",
               "attack.strong" : "mob.ravager.bite",
               "death" : "mob.ravager.death",
               "hurt" : "mob.ravager.hurt",
               "roar" : "mob.ravager.roar",
               "step" : "mob.ravager.step",
               "stun" : "mob.ravager.stun"
            },
            "pitch" : [ 1.00, 1.00 ],
            "volume" : 10.0
         },
         "gaia:nomadic_lagrahk_salty" : {
            "events" : {
               "ambient" : "mob.ravager.ambient",
               "attack.strong" : "mob.ravager.bite",
               "death" : "mob.ravager.death",
               "hurt" : "mob.ravager.hurt",
               "roar" : "mob.ravager.roar",
               "step" : "mob.ravager.step",
               "stun" : "mob.ravager.stun"
            },
            "pitch" : [ 1.00, 1.00 ],
            "volume" : 10.0
         },
         "gaia:nomadic_lagrahk_static" : {
            "events" : {
               "ambient" : "mob.ravager.ambient",
               "attack.strong" : "mob.ravager.bite",
               "death" : "mob.ravager.death",
               "hurt" : "mob.ravager.hurt",
               "roar" : "mob.ravager.roar",
               "step" : "mob.ravager.step",
               "stun" : "mob.ravager.stun"
            },
            "pitch" : [ 1.00, 1.00 ],
            "volume" : 10.0
         },
         "gaia:nomadic_lagrahk_volcanic" : {
            "events" : {
               "ambient" : "mob.ravager.ambient",
               "attack.strong" : "mob.ravager.bite",
               "death" : "mob.ravager.death",
               "hurt" : "mob.ravager.hurt",
               "roar" : "mob.ravager.roar",
               "step" : "mob.ravager.step",
               "stun" : "mob.ravager.stun"
            },
            "pitch" : [ 1.00, 1.00 ],
            "volume" : 10.0
         },
         "gaia:nutrient_growth_sapper" : {
            "events" : {
               "ambient" : "mob.shulker.ambient",
               "death" : "mob.shulker.death",
               "hurt" : "mob.shulker.hurt"
            },
            "pitch" : [ 1.20, 1.30 ],
            "volume" : 10.0
         },
         "gaia:primal_beast" : {
            "events" : {
               "ambient" : "mob.ravager.ambient",
               "death" : "mob.ravager.death",
               "hurt" : "mob.ravager.hurt",
               "roar" : "mob.ravager.roar",
               "step" : "mob.ravager.step",
               "stun" : "mob.ravager.stun"
            },
            "pitch" : [ 1.00, 1.00 ],
            "volume" : 10.0
         },
         "gaia:rocky_luggeroth" : {
            "events" : {
               "ambient" : "mob.turtle.ambient",
               "death" : "mob.turtle.death",
               "hurt" : "mob.turtle.hurt"
            },
            "pitch" : [ 1.00, 1.00 ],
            "volume" : 10.0
         },
         "gaia:saltion" : {
            "events" : {
               "ambient" : "mob.spider.say",
               "death" : "mob.spider.death",
               "hurt" : "mob.spider.say"
            },
            "pitch" : [ 1.00, 1.00 ],
            "volume" : 10.0
         },
         "gaia:rugged_lurmorus" : {
            "events" : {
               "ambient" : "mob.ravager.ambient",
               "death" : "mob.ravager.death",
               "hurt" : "mob.ravager.hurt",
               "roar" : "mob.ravager.roar",
               "step" : "mob.ravager.step",
               "stun" : "mob.ravager.stun"
            },
            "pitch" : [ 0.40, 0.50 ],
            "volume" : 10.0
         },
         "gaia:shallow_arenthis" : {
            "events" : {
               "ambient" : "mob.glow_squid.ambient",
               "death" : "mob.glow_squid.death",
               "hurt" : "mob.glow_squid.hurt"
            },
            "pitch" : [ 1.00, 1.00 ],
            "volume" : 10.0
         },
         "gaia:shalurker" : {
            "events" : {
               "ambient" : "mob.husk.ambient",
               "death" : "mob.husk.death",
               "hurt" : "mob.husk.hurt"
            },
            "pitch" : [ 1.00, 1.00 ],
            "volume" : 10.0
         },
         "gaia:spell_element" : {
            "events" : {
               "ambient" : "mob.horse.skeleton.idle",
               "death" : "mob.horse.skeleton.death",
               "hurt" : "mob.horse.skeleton.hit"
            },
            "pitch" : [ 1.00, 1.00 ],
            "volume" : 10.0
         }
      }
      }
   }

