{
  "format_version": "1.10.0",
  "minecraft:client_entity": {
    "description": {
      "identifier": "gaia:agate_arrow",
      "materials": {
        "default": "arrow"
      },
      "textures": {
        "default": "textures/items/bow/agate_arrow"
      },
      "geometry": {
        "default": "geometry.arrow_img"
      },
      "animations": {
        "move": "animation.arrow.target_rotation"
      },
      "scripts": {
        "animate": [
          "move"
        ]
      },
      "render_controllers": [ "controller.render.arrow" ]
    }
  }
}
