{
  "format_version": "1.10.0",
  "minecraft:client_entity": {
    "description": {
      "identifier": "gaia:blue_howlite_wolf",
      "materials": { "default": "iron_golem" },
      "textures": {
        "default": "textures/entity/blue_howlite_wolf"
      },
      "geometry": {
        "default": "geometry.blue_howlite_wolf"
      },
      "animations": {
        "walk": "animation.iron_golem.walk",
        "move": "animation.iron_golem.move",
        "walk_to_target": "animation.iron_golem.walk_to_target",
        "move_to_target": "animation.iron_golem.move_to_target",
        "attack": "animation.iron_golem.attackno",
        "flower": "animation.iron_golem.nah",
        "look_at_target": "animation.common.look_at_target",
        "move_controller": "controller.animation.iron_golem.move",
        "arm_controller": "controller.animation.iron_golem.arm_movement"
      },
      "spawn_egg": {
        "texture": "spawn_gaia",
        "texture_index": 0
      },
      "scripts": {
        "pre_animation": [
          "variable.modified_tcos0 = Math.clamp(((Math.cos(query.modified_distance_moved * 13.5) * Math.min(query.modified_move_speed, 0.6) / variable.gliding_speed_value) * 25.0), -12.5, 12.5);"
        ],
        "animate": [
          "look_at_target",
          "move_controller",
          "arm_controller"
        ]
      },
      "render_controllers": [ "controller.render.iron_golem" ]
    }
  }
}