{
  "format_version": "1.10.0",
  "minecraft:client_entity": {
    "description": {
      "identifier": "gaia:shallow_arenthis",
      "materials": { "default": "iron_golem" },
      "textures": {
        "default": "textures/entity/shallow_arenthis"
      },
      "geometry": {
        "default": "geometry.shallow_arenthis"
      },
      "animations": {
        "move": "animation.squid.move",
        "squid_rotate": "animation.squid.rotate"
      },
      "scripts": {
        "animate": [
          "move",
          "squid_rotate"
        ]
      },
      "render_controllers": [ "controller.render.iron_golem" ],
      "spawn_egg": {
        "texture": "spawn_gaia",
        "texture_index": 0
      }
    }
  }
}