{
	"format_version": "1.12.0",
	"minecraft:geometry": [
		{
			"description": {
				"identifier": "geometry.agate_golem",
				"texture_width": 138,
				"texture_height": 64,
				"visible_bounds_width": 4,
				"visible_bounds_height": 4.5,
				"visible_bounds_offset": [0, 1.75, 0]
			},
			"bones": [
				{
					"name": "bone2",
					"pivot": [0, 24, 0]
				},
				{
					"name": "bone",
					"pivot": [0, 24, 0]
				},
				{
					"name": "body",
					"pivot": [0, 0, 0]
				},
				{
					"name": "arm1",
					"parent": "body",
					"pivot": [8, 30, 3],
					"rotation": [0, 0, -22.86479],
					"cubes": [
						{"origin": [7, 18, 1.5], "size": [3, 12, 3], "uv": [12, 28]}
					]
				},
				{
					"name": "lowerArmR",
					"parent": "arm1",
					"pivot": [8.6, 19.5, 3.2],
					"rotation": [-26, 0, 20],
					"cubes": [
						{"origin": [6.6, 6.5, 1.2], "size": [4, 13, 4], "uv": [112, 32]}
					]
				},
				{
					"name": "fistR",
					"parent": "lowerArmR",
					"pivot": [8.6, 8.5, 4.2],
					"rotation": [45, -75, -90],
					"cubes": [
						{"origin": [5.6, 5.5, 4.2], "size": [3, 3, 3], "uv": [34, 42]}
					]
				},
				{
					"name": "lowarmLeftR",
					"parent": "lowerArmR",
					"pivot": [6.6, 18.5, 3.2],
					"rotation": [0, 0, 5],
					"cubes": [
						{"origin": [6.6, 5.5, 1.2], "size": [2, 13, 4], "uv": [66, 33]}
					]
				},
				{
					"name": "lowarmRightR",
					"parent": "lowerArmR",
					"pivot": [8.6, 18.5, 3.2],
					"rotation": [0, 0, -5],
					"cubes": [
						{"origin": [8.6, 5.5, 1.2], "size": [2, 13, 4], "uv": [90, 39]}
					]
				},
				{
					"name": "lowarmTopR_1",
					"parent": "lowerArmR",
					"pivot": [10.6, 18.5, 3.2],
					"rotation": [5, 0, 0],
					"cubes": [
						{"origin": [6.6, 5.5, 3.2], "size": [4, 13, 2], "uv": [22, 41]}
					]
				},
				{
					"name": "lowarmTopR",
					"parent": "lowerArmR",
					"pivot": [8.6, 18.5, 3.2],
					"rotation": [-5, 0, 0],
					"cubes": [
						{"origin": [6.6, 5.5, 1.2], "size": [4, 13, 2], "uv": [78, 33]}
					]
				},
				{
					"name": "head",
					"parent": "body",
					"pivot": [0, 32.5, 0],
					"cubes": [
						{"origin": [-3, 31.5, -5], "size": [6, 8, 5], "uv": [44, 0]}
					]
				},
				{
					"name": "facepartUpR",
					"parent": "head",
					"pivot": [2, 37.7, -4.5],
					"rotation": [-15, 0, 40],
					"cubes": [
						{"origin": [-0.5, 37.7, -4.5], "size": [6, 7, 3], "uv": [117, 7]}
					]
				},
				{
					"name": "headtop",
					"parent": "head",
					"pivot": [0, 39.2, -5],
					"rotation": [-9.39, -10, -45],
					"cubes": [
						{"origin": [-2.5, 36.7, -6], "size": [5, 5, 2], "uv": [119, 0]}
					]
				},
				{
					"name": "facepartLowR",
					"parent": "head",
					"pivot": [2.5, 33, -2.4],
					"rotation": [19, 0, -50],
					"cubes": [
						{"origin": [0.5, 27, -2.4], "size": [3, 6, 2], "uv": [92, 0]}
					]
				},
				{
					"name": "chin",
					"parent": "head",
					"pivot": [0, 31.5, -4.9],
					"rotation": [0, 0, -45],
					"cubes": [
						{"origin": [-2, 29.5, -4.9], "size": [4, 4, 1], "uv": [14, 0]}
					]
				},
				{
					"name": "facepartLowL",
					"parent": "head",
					"pivot": [-2.5, 33, -2.4],
					"rotation": [19, 0, 50],
					"cubes": [
						{"origin": [-3.5, 27, -2.4], "size": [3, 6, 2], "uv": [82, 0]}
					]
				},
				{
					"name": "facepartUpL",
					"parent": "head",
					"pivot": [-2, 37.7, -4.5],
					"rotation": [-15, 0, -40],
					"cubes": [
						{"origin": [-5.5, 37.7, -4.5], "size": [6, 7, 3], "uv": [102, 0]}
					]
				},
				{
					"name": "chinpartL",
					"parent": "head",
					"pivot": [-4.6, 36.7, -4.2],
					"rotation": [0, 0, -13],
					"cubes": [
						{"origin": [-4.6, 28.7, -4.2], "size": [3, 8, 2], "uv": [80, 8]}
					]
				},
				{
					"name": "chinpartR",
					"parent": "head",
					"pivot": [1.6, 37.5, -4.2],
					"rotation": [0, 0, 13],
					"cubes": [
						{"origin": [1.6, 29.5, -4.2], "size": [3, 8, 2], "uv": [90, 8]}
					]
				},
				{
					"name": "arm0",
					"parent": "body",
					"pivot": [-8, 30, 3],
					"rotation": [0, 0, 22.86479],
					"cubes": [
						{"origin": [-10, 18, 1.5], "size": [3, 12, 3], "uv": [121, 17]}
					]
				},
				{
					"name": "lowerArmL",
					"parent": "arm0",
					"pivot": [-8.6, 19.5, 3.2],
					"rotation": [-26, 0, -20],
					"cubes": [
						{"origin": [-10.6, 6.5, 1.2], "size": [4, 13, 4], "uv": [26, 24]}
					]
				},
				{
					"name": "lowarmTopL_1",
					"parent": "lowerArmL",
					"pivot": [-6.6, 18.5, 3.2],
					"rotation": [5, 0, 0],
					"cubes": [
						{"origin": [-10.6, 5.5, 3.2], "size": [4, 13, 2], "uv": [0, 28]}
					]
				},
				{
					"name": "lowarmLeftL",
					"parent": "lowerArmL",
					"pivot": [-10.6, 18.5, 3.2],
					"rotation": [0, 0, 5],
					"cubes": [
						{"origin": [-10.6, 5.5, 1.2], "size": [2, 13, 4], "uv": [100, 26]}
					]
				},
				{
					"name": "fistL",
					"parent": "lowerArmL",
					"pivot": [-8.6, 8.5, 4.2],
					"rotation": [45, -75, -90],
					"cubes": [
						{"origin": [-11.6, 5.5, 4.2], "size": [3, 3, 3], "uv": [24, 16]}
					]
				},
				{
					"name": "lowarmRightL",
					"parent": "lowerArmL",
					"pivot": [-8.6, 18.5, 3.2],
					"rotation": [0, 0, -5],
					"cubes": [
						{"origin": [-8.6, 5.5, 1.2], "size": [2, 13, 4], "uv": [54, 27]}
					]
				},
				{
					"name": "lowarmTopL",
					"parent": "lowerArmL",
					"pivot": [-8.6, 18.5, 3.2],
					"rotation": [-5, 0, 0],
					"cubes": [
						{"origin": [-10.6, 5.5, 1.2], "size": [4, 13, 2], "uv": [42, 27]}
					]
				},
				{
					"name": "neck",
					"parent": "body",
					"pivot": [0, 36.5, 0],
					"rotation": [41.74, 0, 0],
					"cubes": [
						{"origin": [-2, 31.5, -4], "size": [4, 5, 4], "uv": [66, 0]}
					]
				},
				{
					"name": "torso",
					"parent": "body",
					"pivot": [0, 33, 0],
					"cubes": [
						{"origin": [-6.5, 25, 0], "size": [13, 8, 6], "uv": [38, 13]}
					]
				},
				{
					"name": "shoulderR",
					"parent": "torso",
					"pivot": [2.5, 33, 3],
					"rotation": [-41, 0, 16],
					"cubes": [
						{"origin": [2.5, 30, 0], "size": [9, 6, 6], "uv": [70, 21]}
					]
				},
				{
					"name": "shoulderL",
					"parent": "torso",
					"pivot": [-2.5, 33, 3],
					"rotation": [-41, 0, -16],
					"cubes": [
						{"origin": [-11.5, 30, 0], "size": [9, 6, 6], "uv": [0, 16]}
					]
				},
				{
					"name": "leg0",
					"parent": "body",
					"pivot": [-3, 17.7, 1.9],
					"rotation": [-20, 25, 0],
					"cubes": [
						{"origin": [-5.5, 8.7, -0.6], "size": [5, 9, 5], "uv": [0, 43]}
					]
				},
				{
					"name": "lowerLegL_1",
					"parent": "leg0",
					"pivot": [-3, 9.5, 1.9],
					"rotation": [20, 0, 0],
					"cubes": [
						{"origin": [-6, -0.5, -1.1], "size": [6, 10, 6], "uv": [40, 44]}
					]
				},
				{
					"name": "stomach",
					"parent": "body",
					"pivot": [0, 25, 0],
					"cubes": [
						{"origin": [-4, 17, 0], "size": [8, 8, 5], "uv": [95, 13]}
					]
				},
				{
					"name": "leg1",
					"parent": "body",
					"pivot": [3, 17.7, 1.9],
					"rotation": [-20, -25, 0],
					"cubes": [
						{"origin": [0.5, 8.7, -0.6], "size": [5, 9, 5], "uv": [0, 0]}
					]
				},
				{
					"name": "lowerLegL",
					"parent": "leg1",
					"pivot": [3, 9.5, 1.9],
					"rotation": [20, 0, 0],
					"cubes": [
						{"origin": [0, -0.5, -1.1], "size": [6, 10, 6], "uv": [20, 0]}
					]
				}
			]
		}
	]
}