{
	"format_version": "1.12.0",
	"minecraft:geometry": [
		{
			"description": {
				"identifier": "geometry.archaic_warrior",
				"texture_width": 70,
				"texture_height": 50,
				"visible_bounds_width": 3,
				"visible_bounds_height": 3.5,
				"visible_bounds_offset": [0, 1.25, 0]
			},
			"bones": [
				{
					"name": "leftArm",
					"pivot": [5, 22, 0],
					"rotation": [0, 5.72958, -5.72958],
					"cubes": [
						{"origin": [4, 12, -1], "size": [2, 12, 2], "uv": [0, 0]}
					]
				},
				{
					"name": "right_arm",
					"pivot": [-5, 22, 0],
					"rotation": [0, -5.72958, 5.72958],
					"cubes": [
						{"origin": [-6, 12, -1], "size": [2, 12, 2], "uv": [56, 0], "mirror": true}
					]
				},
				{
					"name": "bipedBody",
					"pivot": [0, 24, 0],
					"cubes": [
						{"origin": [-4, 12, -2], "size": [8, 12, 4], "uv": [0, 14]}
					]
				},
				{
					"name": "rightLeg",
					"pivot": [-2, 12, 0.1],
					"cubes": [
						{"origin": [-3, 0, -0.9], "size": [2, 12, 2], "uv": [24, 32]}
					]
				},
				{
					"name": "bipedHead",
					"pivot": [0, 24, 0],
					"cubes": [
						{"origin": [-4, 24, -4], "size": [8, 8, 8], "uv": [24, 16]}
					]
				},
				{
					"name": "leftLeg",
					"pivot": [2, 12, 0.1],
					"cubes": [
						{"origin": [1, 0, -0.9], "size": [2, 12, 2], "uv": [0, 30]}
					]
				},
				{
					"name": "bipedRightLeg",
					"pivot": [2, 12, 0.1],
					"cubes": [
						{"origin": [1, 0, -0.9], "size": [2, 12, 2], "uv": [16, 30]}
					]
				},
				{
					"name": "bipedLeftLeg",
					"pivot": [-2, 12, 0.1],
					"cubes": [
						{"origin": [-3, 0, -0.9], "size": [2, 12, 2], "uv": [16, 0]}
					]
				},
				{
					"name": "bipedRightArmwear",
					"pivot": [5, 22, 0],
					"rotation": [0, 5.72958, -5.72958],
					"cubes": [
						{"origin": [4, 12, -1], "size": [2, 12, 2], "uv": [8, 30], "mirror": true}
					]
				},
				{
					"name": "bipedHeadwear",
					"pivot": [0, 24, 0],
					"cubes": [
						{"origin": [-4, 24, -4], "size": [8, 8, 8], "uv": [24, 0]}
					]
				},
				{
					"name": "shoulderPlateL",
					"pivot": [-4.5, 25.5, 0],
					"cubes": [
						{"origin": [-8.5, 23.5, -2], "size": [4, 2, 4], "uv": [52, 14]}
					]
				},
				{
					"name": "bipedLeftArmwear",
					"pivot": [-5, 22, 0],
					"rotation": [0, -5.72958, 5.72958],
					"cubes": [
						{"origin": [-6, 12, -1], "size": [2, 12, 2], "uv": [8, 0], "mirror": true}
					]
				},
				{
					"name": "shoulderPlateR",
					"pivot": [4.5, 25.5, 0],
					"cubes": [
						{"origin": [4.5, 23.5, -2], "size": [4, 2, 4], "uv": [52, 28]}
					]
				}
			]
		}
	]
}