{
	"format_version": "1.12.0",
	"minecraft:geometry": [
		{
			"description": {
				"identifier": "geometry.malachite_drone",
				"texture_width": 86,
				"texture_height": 64,
				"visible_bounds_width": 3,
				"visible_bounds_height": 3.5,
				"visible_bounds_offset": [0, 1.25, 0]
			},
			"bones": [
				{
					"name": "leg0",
					"pivot": [-2, 23, 3.5],
					"rotation": [20, 0, 0],
					"cubes": [
						{"origin": [-4, 13, 2], "size": [2, 10, 3], "uv": [54, 0]}
					]
				},
				{
					"name": "lowerLegL",
					"parent": "leg0",
					"pivot": [-2, 14.1, 3.3],
					"rotation": [-30, 0, 0],
					"cubes": [
						{"origin": [-4.1, 0.1, 3.3], "size": [2, 14, 2], "uv": [0, 38]}
					]
				},
				{
					"name": "footL",
					"parent": "lowerLegL",
					"pivot": [-3.1, 1.1, 5.3],
					"rotation": [10, 0, 0],
					"cubes": [
						{"origin": [-4.6, -0.9, 1.3], "size": [3, 2, 4], "uv": [25, 24]}
					]
				},
				{
					"name": "leg1",
					"pivot": [2, 23, 3.5],
					"rotation": [20, 0, 0],
					"cubes": [
						{"origin": [2, 13, 2], "size": [2, 10, 3], "uv": [64, 0]}
					]
				},
				{
					"name": "lowerLegR",
					"parent": "leg1",
					"pivot": [2, 14.1, 3.3],
					"rotation": [-30, 0, 0],
					"cubes": [
						{"origin": [2.1, 0.1, 3.3], "size": [2, 14, 2], "uv": [8, 38]}
					]
				},
				{
					"name": "footR",
					"parent": "lowerLegR",
					"pivot": [3.1, 1.1, 5.3],
					"rotation": [10, 0, 0],
					"cubes": [
						{"origin": [1.6, -0.9, 1.3], "size": [3, 2, 4], "uv": [69, 26]}
					]
				},
				{
					"name": "ghfghfgh",
					"pivot": [0, 24, -3.5],
					"cubes": [
						{"origin": [-3.5, 21, -3.5], "size": [7, 3, 11], "uv": [0, 24]}
					]
				},
				{
					"name": "upperArmL",
					"pivot": [-4, 24, -1.5],
					"rotation": [0, 0, 5.72958],
					"cubes": [
						{"origin": [-6, 13, -2.5], "size": [2, 11, 2], "uv": [0, 0]}
					]
				},
				{
					"name": "lowerArmL",
					"parent": "upperArmL",
					"pivot": [-4.1, 13.5, -1],
					"rotation": [-40, 0, 0],
					"cubes": [
						{"origin": [-6.1, 2.5, -2], "size": [2, 11, 2], "uv": [74, 0]}
					]
				},
				{
					"name": "clawLB",
					"parent": "lowerArmL",
					"pivot": [-4.6, 3, 0],
					"rotation": [0, 0, -30],
					"cubes": [
						{"origin": [-5.6, 0, -0.5], "size": [1, 3, 1], "uv": [0, 13]}
					]
				},
				{
					"name": "clawLT",
					"parent": "lowerArmL",
					"pivot": [-4.6, 3, -2],
					"rotation": [0, 0, -30],
					"cubes": [
						{"origin": [-5.6, 0, -2.5], "size": [1, 3, 1], "uv": [81, 12]}
					]
				},
				{
					"name": "top",
					"pivot": [0, 24, 0],
					"cubes": [
						{"origin": [-9, 24, -9], "size": [18, 6, 18], "uv": [0, 0]}
					]
				},
				{
					"name": "topCap",
					"parent": "top",
					"pivot": [0, 30, 0],
					"cubes": [
						{"origin": [-5.5, 30, -5.5], "size": [11, 3, 11], "uv": [36, 24]}
					]
				},
				{
					"name": "upperArmR",
					"pivot": [4, 24, -1.5],
					"rotation": [0, 0, -5.72958],
					"cubes": [
						{"origin": [4, 13, -2.5], "size": [2, 11, 2], "uv": [8, 0]}
					]
				},
				{
					"name": "lowerArmL_1",
					"parent": "upperArmR",
					"pivot": [4.1, 13.5, -1],
					"rotation": [-40, 0, 0],
					"cubes": [
						{"origin": [4.1, 2.5, -2], "size": [2, 11, 2], "uv": [72, 13]}
					]
				},
				{
					"name": "clawRT",
					"parent": "lowerArmL_1",
					"pivot": [4.6, 3, -2],
					"rotation": [0, 0, 30],
					"cubes": [
						{"origin": [4.6, 0, -2.5], "size": [1, 3, 1], "uv": [4, 13]}
					]
				},
				{
					"name": "clawRB",
					"parent": "lowerArmL_1",
					"pivot": [4.6, 3, 0],
					"rotation": [0, 0, 30],
					"cubes": [
						{"origin": [4.6, 0, -0.5], "size": [1, 3, 1], "uv": [8, 13]}
					]
				}
			]
		}
	]
}