{
	"format_version": "1.12.0",
	"minecraft:geometry": [
		{
			"description": {
				"identifier": "geometry.markuzar_plant",
				"texture_width": 64,
				"texture_height": 64,
				"visible_bounds_width": 3,
				"visible_bounds_height": 3.5,
				"visible_bounds_offset": [0, 1.25, 0]
			},
			"bones": [
				{
					"name": "stalkLow",
					"pivot": [0, 0, 0],
					"cubes": [
						{"origin": [-3.5, 0, -3.5], "size": [7, 12, 7], "uv": [0, 0]}
					]
				},
				{
					"name": "stalkMid",
					"parent": "stalkLow",
					"pivot": [0, 12, 0],
					"cubes": [
						{"origin": [-2.5, 12, -2.5], "size": [5, 10, 5], "uv": [28, 0]}
					]
				},
				{
					"name": "stalkHigh",
					"parent": "stalkMid",
					"pivot": [0, 22, 0],
					"cubes": [
						{"origin": [-1.5, 22, -1.5], "size": [3, 8, 3], "uv": [48, 0]}
					]
				},
				{
					"name": "bulb",
					"parent": "stalkHigh",
					"pivot": [0, 31, 0],
					"rotation": [65, 0, 0],
					"cubes": [
						{"origin": [-2, 29, -2], "size": [4, 4, 4], "uv": [44, 11]}
					]
				},
				{
					"name": "petal1",
					"parent": "bulb",
					"pivot": [0, 32.5, 0],
					"rotation": [0, 45, 0],
					"cubes": [
						{"origin": [-9, 31.5, -1.5], "size": [9, 1, 3], "uv": [0, 19]}
					]
				},
				{
					"name": "petal2",
					"parent": "bulb",
					"pivot": [0, 32.5, 0],
					"rotation": [0, -45, 0],
					"cubes": [
						{"origin": [-9, 31.5, -1.5], "size": [9, 1, 3], "uv": [24, 19]}
					]
				},
				{
					"name": "petal3",
					"parent": "bulb",
					"pivot": [0, 32.5, 0],
					"rotation": [0, -135, 0],
					"cubes": [
						{"origin": [-9, 31.5, -1.5], "size": [9, 1, 3], "uv": [0, 23]}
					]
				},
				{
					"name": "petal4",
					"parent": "bulb",
					"pivot": [0, 32.5, 0],
					"rotation": [0, 135, 0],
					"cubes": [
						{"origin": [-9, 31.5, -1.5], "size": [9, 1, 3], "uv": [24, 23]}
					]
				},
				{
					"name": "decor",
					"parent": "bulb",
					"pivot": [0, 31.4, 0],
					"cubes": [
						{"origin": [-6.5, 31.4, -6.5], "size": [13, 0, 13], "uv": [-13, 27]}
					]
				},
				{
					"name": "jewel",
					"parent": "bulb",
					"pivot": [0, 33, 0],
					"cubes": [
						{"origin": [-1, 33, -1], "size": [2, 3, 2], "uv": [26, 35]}
					]
				},
				{
					"name": "leafL",
					"parent": "stalkMid",
					"pivot": [-2.5, 18, 0],
					"rotation": [20, 0, 0],
					"cubes": [
						{"origin": [-12.5, 18, -3.5], "size": [10, 0, 7], "uv": [-7, 40]}
					]
				},
				{
					"name": "leafR",
					"parent": "stalkMid",
					"pivot": [2.5, 18, 0],
					"rotation": [20, 0, 0],
					"cubes": [
						{"origin": [2.5, 18, -3.5], "size": [10, 0, 7], "uv": [-7, 48]}
					]
				}
			]
		}
	]
}