{
	"format_version": "1.10.0",
	"particle_effect": {
		"description": {
			"identifier": "gaia:cloud_0",
			"basic_render_parameters": {
				"material": "particles_alpha",
				"texture": "textures/particle/gaia_cloud_0"
			}
		},
		"components": {
			"minecraft:emitter_rate_instant": {
				"num_particles": 1
			},
			"minecraft:emitter_lifetime_looping": {
				"active_time": 1
			},
			"minecraft:emitter_shape_point": {},
			"minecraft:particle_lifetime_expression": {
				"max_lifetime": "
					v.px = 0;
					v.pz = 0;
					v.vx = 1;
					v.vz = 1;
					return 50;
				"
			},
			"minecraft:particle_motion_parametric": {
				"relative_position": [
					"
						v.px != 0 && v.pz != 0 ? {
							v.px = v.px - v.vz*0.1*v.particle_random_1;
							v.pz = v.pz + v.vx*0.1*v.particle_random_1;
						} : {
							v.px = (v.emitter_random_1*2 - 1)*1000 + q.position(0);
							v.pz = (v.emitter_random_3*2 - 1)*1000 + q.position(2);
						};
						v.vx = v.px - q.position(0);
						v.vz = v.pz - q.position(2);
						v.l = math.sqrt(v.vx*v.vx + v.vz*v.vz);
						v.vx = v.vx/v.l;
						v.vz = v.vz/v.l;
						return v.px;
					", 
					240, 
					"v.pz"
				]
			},
			"minecraft:particle_appearance_billboard": {
				"size": ["491/8", "241/8"],
				"facing_camera_mode": "lookat_y",
				"uv": {
					"texture_width": 491,
					"texture_height": 241,
					"uv": [0, 0],
					"uv_size": [491, 241]
				}
			}
		}
	}
}