{
  "format_version": "1.10.0",
  "particle_effect": {
    "description": {
      "identifier": "gaia:add_test",
      "basic_render_parameters": {
        "material": "particles_add",
        "texture": "textures/particle/particle_add_test"
      }
    },
    "components": {
      "minecraft:emitter_initialization": {
				"creation_expression": "v.last_exp = false;"
			},
      "minecraft:emitter_local_space": {
        "position": true,
        "rotation": false
      },
      "minecraft:emitter_rate_instant": {
        "num_particles": 1
      },
      "minecraft:emitter_lifetime_once": {
        "active_time": 0.5
      },
      "minecraft:emitter_shape_point": {
        "offset": [0, 50, 0]
      },
      "minecraft:particle_lifetime_expression": {
        "max_lifetime": 1.5,
        "expiration_expression": "v.tmp"
      },
      "minecraft:particle_initialization": {
				"per_update_expression": "v.tmp = v.last_exp;"
			},
      "minecraft:particle_initial_speed": 0,
      "minecraft:particle_motion_dynamic": {
				"linear_acceleration": [0, 0, "v.last_exp = v.particle_age > 1.0 && q.effect_particle_count > 1; return 0;"]
			},
      "minecraft:particle_appearance_billboard": {
        "size": [50, 50],
        "facing_camera_mode": "direction_z",
				"direction": {
					"mode": "custom",
					"custom_direction": [0, 1, 0]
				},
        "uv": {
          "texture_width": 11,
          "texture_height": 11,
          "uv": [0, 0],
          "uv_size": [11, 11]
        }
      }
    }
  }
}
