{
	"format_version": "1.10.0",
	"particle_effect": {
		"description": {
			"identifier": "gaia:gaia_ignite",
			"basic_render_parameters": {
				"material": "particles_alpha",
				"texture": "textures/particle/particles"
			}
		},
		"curves": {
			"variable.color_curve": {
				"type": "bezier",
				"input": "variable.particle_age",
				"horizontal_range": "variable.particle_lifetime",
				"nodes": [0, 0.1, 1, 0.8]
			}
		},
		"components": {
			"minecraft:emitter_rate_instant": {
				"num_particles": 200
			},
			"minecraft:emitter_lifetime_once": {
				"active_time": 10
			},
			"minecraft:emitter_shape_sphere": {
				"radius": 10,
				"direction": "outwards"
			},
			"minecraft:particle_lifetime_expression": {
				"max_lifetime": "math.random(1.0, 3.0)"
			},
			"minecraft:particle_initial_spin": {
				"rotation": "Math.random(0, 360)"
			},
			"minecraft:particle_initial_speed": "Math.random(0.0, 15.0)",
			"minecraft:particle_motion_dynamic": {
				"linear_acceleration": [0, 2, 0],
				"linear_drag_coefficient": 5
			},
			"minecraft:particle_appearance_billboard": {
				"size": ["variable.particle_random_3 * 0.1 + 0.1", "variable.particle_random_3 * 0.1 + 0.1"],
				"facing_camera_mode": "lookat_xyz",
				"uv": {
					"texture_width": 128,
					"texture_height": 128,
					"flipbook": {
						"base_UV": [56, 0],
						"size_UV": [8, 8],
						"step_UV": [-8, 0],
						"frames_per_second": 8,
						"max_frame": 8,
						"stretch_to_lifetime": true
					}
				}
			},
			"minecraft:particle_appearance_tinting": {
				"color": {
					"interpolant": "v.particle_age / v.particle_lifetime",
					"gradient": {
						"0.0": "#FF580000",
						"1.0": "#FF00FFF2"
					}
				}
			}
		}
	}
}