{
	"format_version": "1.10.0",
	"particle_effect": {
		"description": {
			"identifier": "gaia:gaia_rain",
			"basic_render_parameters": {
				"material": "particles_blend",
				"texture": "textures/particle/gaia_rain"
			}
		},
		"components": {
			"minecraft:emitter_rate_steady": {
				"spawn_rate": 80,
				"max_particles": 200
			},
			"minecraft:emitter_lifetime_looping": {
				"active_time": 2
			},
			"minecraft:emitter_shape_box": {
				"half_dimensions": [160, 1, 160]
			},
			"minecraft:particle_lifetime_expression": {
				"max_lifetime": "2 + v.particle_random_1*0.5"
			},
			"minecraft:particle_initial_speed": 0,
			"minecraft:particle_motion_dynamic": {
				"linear_acceleration": ["math.cos((v.particle_age + v.particle_random_2)*250)*8*v.particle_age", "-math.pow(v.particle_age,10)*0.1", "math.cos((v.particle_age + v.particle_random_2)*250)*8*v.particle_age"]
			},
			"minecraft:particle_appearance_billboard": {
				"size": ["math.clamp(-5*(v.particle_age - v.particle_lifetime),0,1)*0.1", "math.clamp(-5*(v.particle_age - v.particle_lifetime),0,1)*0.1"],
				"facing_camera_mode": "rotate_xyz",
				"uv": {
					"texture_width": 1,
					"texture_height": 1,
					"uv": [0, 0],
					"uv_size": [1, 1]
				}
			}
		}
	}
}