{
	"format_version": "1.10.0",
	"particle_effect": {
		"description": {
			"identifier": "gaia:geyser_blast",
			"basic_render_parameters": {
				"material": "particles_alpha",
				"texture": "textures/particle/particles"
			}
		},
		"curves": {
			"variable.spawn_rate": {
				"type": "catmull_rom",
				"input": "v.emitter_age",
				"horizontal_range": "v.emitter_lifetime",
				"nodes": [0, 0.03, 0.15, 1, 0.16, 0.04, 0]
			},
			"variable.color": {
				"type": "catmull_rom",
				"input": "v.particle_age",
				"horizontal_range": "v.particle_lifetime",
				"nodes": [0, 0.07, 0.91, 1, 1]
			}
		},
		"components": {
			"minecraft:emitter_rate_steady": {
				"spawn_rate": 200,
				"max_particles": 1000
			},
			"minecraft:emitter_lifetime_looping": {
				"active_time": 5
			},
			"minecraft:emitter_shape_box": {
				"half_dimensions": [0.5, 0, 0.5],
				"direction": [
					"math.cos(v.particle_random_1*360)*(0.5+v.particle_random_2/2)*0.05", 
					1, 
					"math.sin(v.particle_random_1*360)*(0.5+v.particle_random_2/2)*0.05"
				]
			},
			"minecraft:particle_lifetime_expression": {
				"max_lifetime": 6
			},
			"minecraft:particle_initial_spin": {
				"rotation": "v.particle_random_3*720"
			},
			"minecraft:particle_initial_speed": "25 + v.particle_random_4*5",
			"minecraft:particle_motion_dynamic": {
				"linear_acceleration": ["math.cos(v.particle_random_1*360)*0.1", -9.8, "math.sin(v.particle_random_1*360)*0.1"],
				"linear_drag_coefficient": 0.2
			},
			"minecraft:particle_appearance_billboard": {
				"size": ["0.2*(v.particle_random_3/2 + 0.5)", "0.2*(v.particle_random_3/2 + 0.5)"],
				"facing_camera_mode": "rotate_xyz",
				"uv": {
					"texture_width": 128,
					"texture_height": 128,
					"flipbook": {
						"base_UV": [56, 80],
						"size_UV": [8, 8],
						"step_UV": [-8, 0],
						"frames_per_second": 4,
						"max_frame": 7,
						"stretch_to_lifetime": true
					}
				}
			},
			"minecraft:particle_motion_collision": {
				"collision_drag": 1,
				"collision_radius": 0.1,
				"coefficient_of_restitution": 0.2
			},
			"minecraft:particle_appearance_lighting": {},
			"minecraft:particle_appearance_tinting": {
				"color": {
					"interpolant": "v.color",
					"gradient": {
						"0.0": "#c28bc7ff",
						"1.0": "#9cffffff"
					}
				}
			}
		}
	}
}