{
	"format_version": "1.10.0",
	"particle_effect": {
		"description": {
			"identifier": "gaia:geyser_pre_steam",
			"basic_render_parameters": {
				"material": "particles_alpha",
				"texture": "textures/particle/particles"
			}
		},
		"components": {
			"minecraft:emitter_rate_steady": {
				"spawn_rate": 20,
				"max_particles": 50
			},
			"minecraft:emitter_lifetime_looping": {
				"active_time": 7
			},
			"minecraft:emitter_shape_box": {
				"half_dimensions": [0.5, 0, 0.5],
				"direction": ["math.sin(v.particle_random_2*360)*0.03*v.particle_random_3", 1, "math.cos(v.particle_random_2*v.particle_random_3*360)*0.03"]
			},
			"minecraft:particle_lifetime_expression": {
				"max_lifetime": "2+v.particle_random_4*3"
			},
			"minecraft:particle_initial_spin": {
				"rotation": "v.particle_random_1*720"
			},
			"minecraft:particle_initial_speed": "16 + v.particle_random_2*4",
			"minecraft:particle_motion_dynamic": {
				"linear_acceleration": [0, 0, 0],
				"linear_drag_coefficient": 0.7
			},
			"minecraft:particle_appearance_billboard": {
				"size": [0.6, 0.6],
				"facing_camera_mode": "rotate_xyz",
				"uv": {
					"texture_width": 128,
					"texture_height": 128,
					"uv": ["math.floor(v.particle_random_1*3)*8+16", 0],
					"uv_size": [8, 8]
				}
			},
			"minecraft:particle_motion_collision": {
				"collision_drag": 1,
				"collision_radius": 0.1
			},
			"minecraft:particle_appearance_lighting": {},
			"minecraft:particle_appearance_tinting": {
				"color": [0.84706, 0.84706, 0.84706, 0.63137]
			}
		}
	}
}