{
	"format_version": "1.10.0",
	"particle_effect": {
		"description": {
			"identifier": "gaia:sky_side3",
			"basic_render_parameters": {
				"material": "particles_add",
				"texture": "textures/sky/gaia_side3"
			}
		},
		"components": {
			"minecraft:emitter_local_space": {
				"position": true,
				"rotation": false
			},
			"minecraft:emitter_rate_instant": {
				"num_particles": 1
			},
			"minecraft:emitter_lifetime_looping": {
				"active_time": 59,
				"sleep_time": 1
			},
			"minecraft:emitter_shape_box": {
				"offset": [200, 50, 0],
				"direction": "outwards"
			},
			"minecraft:particle_lifetime_expression": {
				"max_lifetime": 60
			},
			"minecraft:particle_initial_speed": 1,
			"minecraft:particle_appearance_billboard": {
				"size": [200, 200],
				"facing_camera_mode": "emitter_transform_yz",
				"uv": {
					"texture_width": 1080,
					"texture_height": 1080,
					"uv": [0, 0],
					"uv_size": [1080, 1080]
				}
			}
		}
	}
}