{
  "format_version": "1.20.10",
  "minecraft:attachable": {
    "description": {
      "identifier": "gaia:old_bow",
      "materials": {
        "default": "entity_alphatest",
        "enchanted": "entity_alphatest_glint"
      },
      "textures": {
        "old_bow_standby": "textures/items/bow/old_bow_standby",
        "old_bow_pull_0": "textures/items/bow/old_bow_pull_0",
        "old_bow_pull_1": "textures/items/bow/old_bow_pull_1",
        "old_bow_pull_2": "textures/items/bow/old_bow_pull_2",
        "enchanted": "textures/misc/enchanted_item_glint"
      },
      "geometry": {
        "old_bow_standby": "geometry.old_bow_standby",
        "old_bow_pull_0": "geometry.old_bow_pull_0",
        "old_bow_pull_1": "geometry.old_bow_pull_1",
        "old_bow_pull_2": "geometry.old_bow_pull_2"
        },
      "animations": {
        "wield": "animation.old_bow.wield",
        "wield_first_person_pull": "animation.old_bow.wield_first_person_pull"
      },
      "scripts": {
        "pre_animation": [
          "v.charge_amount = q.main_hand_item_use_duration > 0.0f ? (math.clamp((q.main_hand_item_max_duration - q.main_hand_item_use_duration) / 5, 1, 3)) : 0;"
        ],
        "animate": [
          "wield",
          {
            "wield_first_person_pull": "q.main_hand_item_use_duration > 0.0f && c.is_first_person"
          }
        ]
      },
      "render_controllers": [
        "controller.render.old_bow"
      ]
    }
  }
}
