{
	"format_version": "1.8.0",
	"animations": {
		"animation.arrow.target_rotation": {
			"animation_length" : 1,
			"loop" : true,
			"bones": {
				"arrow_img": {
					"rotation" : {
						"0.0": ["-query.target_x_rotation", "-query.body_y_rotation", 0 ]
					},
					"position":{
						"0.0": [0, 0, 0 ]
					}
				},
				"arrow_img2": {
					"rotation" : {
						"0.0": ["-query.target_x_rotation", "-query.body_y_rotation", 0 ]
					},
					"position":{
						"0.0": [0, 0, 0 ]
					}
				},
				"arrow_img3": {
					"rotation" : {
						"0.0": ["-query.target_x_rotation", "-query.body_y_rotation", 0 ]
					},
					"position":{
						"0.0": [0, 0, 0 ]
					}
				}
			}
		}
	}
}