{
  "format_version": "1.16.100",
  "minecraft:fog_settings": {
    "description": {
      "identifier": "fluid:water_fog"
    },
    "distance": {
      "air": {
        "fog_start": 0,
        "fog_end": 15,
        "fog_color": "#94B2E3",
        "render_distance_type": "fixed",
        "transition_fog": {
          "init_fog": {
            "fog_start": 0,
            "fog_end": 15,
            "fog_color": "#94B2E3",
            "render_distance_type": "fixed"
          },
          "min_percent": 0,
          "mid_seconds": 0,
          "mid_percent": 0.5,
          "max_seconds": 0
        }
      }
    }
  }
}