{
  "format_version": "1.10",
  "minecraft:item": {
    "description": {
      "identifier": "gaia:cooked_luggeroth_chop",
      "category": "equipment"
    },
    "components": {
      "minecraft:hand_equipped": false,
      "minecraft:max_stack_size": 64,
      "minecraft:foil": false,
      "minecraft:stack_by_data": true,
      "minecraft:use_duration": 32,
      "minecraft:food": {
        "nutrition": 8,
        "saturation_modifier": "good",
        "can_always_eat": false
      }
    }
  }
}