{
    "format_version": "1.16.100",
    "minecraft:item": {
        "description": {
            "identifier": "gaia:glint_and_gold",
            "category": "nature"
        },
        "components": {
            "minecraft:icon": {
                "texture": "glint_and_gold"
            },
            "minecraft:display_name": {
                "value": "Glint and Gold"
            },
			"minecraft:entity_placer": {
				"entity": "gaia:gaia_ignite"
			  },
            "minecraft:max_stack_size": 1
        }
    }
}