{
	"format_version": "1.8.0",
	"animations": {
		"animation.malachite_guard.normal": {
			"loop": true,
			"bones": {
				"upperArmR": {
					"rotation": [75, 0, 0]
				},
				"lowerArmR": {
					"rotation": [97.48326, -29.99997, -0.04873]
				},
				"leg0": {
					"rotation": [27.5, -42.5, 0]
				},
				"footL": {
					"rotation": [-27.5, 0, 0]
				},
				"leg1": {
					"rotation": [27.5, 42.5, 0]
				},
				"footR": {
					"rotation": [-27.5, 0, 0]
				},
				"upperArmL": {
					"rotation": [75, 0, 0]
				},
				"lowerArmL": {
					"rotation": [97.48326, 30, 0.0487]
				}
			}
		}
	}
}