{
  "namespace": "chest",
  //panels
  "gaia_furnace_panel": {
    "type": "panel",
    "controls": [
      { "container_gamepad_helpers@common.container_gamepad_helpers": {} },
      {
        "flying_item_renderer@common.flying_item_renderer": {
          "layer": 14
        }
      },
      {
        "selected_item_details_factory@common.selected_item_details_factory": {}
      },
      {
        "item_lock_notification_factory@common.item_lock_notification_factory": {}
      },
      {
        "root_panel@common.root_panel": {
          "layer": 1,
          "size": [176, 166],
          "controls": [
            // { "common_panel@common.common_panel": {} },
            {
              "bg": {
                "type": "image",
                "texture": "textures/gui/gaia_stone_furnace_bg"
              }
            },
            {
              "chest_panel": {
                "type": "panel",
                "layer": 5,
                "offset": [0, -2.54],
                "controls": [
                  {
                    "small_chest_panel_top_half@gaia_furnace.gaia_furnace_panel_top_half": {}
                  },
                  {
                    "inventory_panel_bottom_half_with_label@gaiafurnace_common.inventory_panel_bottom_half_with_label": {}
                  },
                  {
                    "hotbar_grid@common.hotbar_grid_template": {
                      "grid_item_template": "gaiafurnace_common.grid_item_for_hotbar"
                    }
                  },
                  {
                    "inventory_take_progress_icon_button@common.inventory_take_progress_icon_button": {}
                  }
                ]
              }
            },
            {
              "inventory_selected_icon_button@common.inventory_selected_icon_button": {}
            },
            { "gamepad_cursor@common.gamepad_cursor_button": {} }
          ]
        }
      }
    ]
  },
 "chest_label": {
    "$display_title|default": "$container_title",
    "text": "$display_title"
  },
  "chest_grid_item@common.container_item": {
    "$item_collection_name": "container_items"
  },
  "small_chest_grid": {
    "type": "grid",
    "size": [162, 54],
    "anchor_from": "top_left",
    "anchor_to": "top_left",
    "grid_dimensions": [9, 3],
    "grid_item_template": "chest.chest_grid_item",
    "collection_name": "container_items"
  },
  "large_chest_grid": {
    "type": "grid",
    "size": [162, 108],
    "anchor_from": "top_left",
    "anchor_to": "top_left",
    "grid_dimensions": [9, 6],
    "grid_item_template": "chest.chest_grid_item",
    "collection_name": "container_items"
  },
  "small_chest_panel_top_half": {
    "type": "panel",
    "size": ["100%", "50%"],
    "offset": [0, 12],
    "anchor_to": "top_left",
    "anchor_from": "top_left",
    "controls": [
      {
        "chest_label@chest.chest_label": {}
      },
      {
        "small_chest_grid@chest.small_chest_grid": {
          "offset": [7, 9]
        }
      }
    ]
  },
  "large_chest_panel_top_half": {
    "type": "panel",
    "size": ["100%", 132],
    "offset": [0, 11],
    "anchor_to": "top_left",
    "anchor_from": "top_left",
    "controls": [
      {
        "chest_label@chest.chest_label": {}
      },
      {
        "large_chest_grid@chest.large_chest_grid": {
          "offset": [7, 10]
        }
      }
    ]
  },
  "small_chest_panel": {
    "type": "panel",
    "controls": [
      {
        "container_gamepad_helpers@common.container_gamepad_helpers": {}
      },
      {
        "flying_item_renderer@common.flying_item_renderer": {
          "layer": 11
        }
      },
      {
        "selected_item_details_factory@common.selected_item_details_factory": {
          "control_name": "@chest.selected_item_details"
        }
      },
      {
        "item_lock_notification_factory@common.item_lock_notification_factory": {
          "control_name": "@common.item_lock_notification"
        }
      },
      {
        "root_panel@$root_panel": {}
      }
    ]
  },
  "small_root_panel@common.root_panel": {
    "$chest_panel|default": "chest.small_chest_panel_top_half",
    "$chest_ui|default": "common.dialog_background_opaque",
    "layer": 1,
    "controls": [
      {
        "common_panel@common.common_panel": {
          "$dialog_background|default": "$chest_ui"
        }
      },
      {
        "chest_panel": {
          "type": "panel",
          "layer": 5,
          "controls": [
            {
              "small_chest_panel_top_half@$chest_panel": {}
            },
            {
              "inventory_panel_bottom_half_with_label@common.inventory_panel_bottom_half_with_label": {}
            },
            {
              "hotbar_grid@common.hotbar_grid_template": {}
            },
            {
              "inventory_take_progress_icon_button@common.inventory_take_progress_icon_button": {}
            }
          ]
        }
      },
      {
        "inventory_selected_icon_button@common.inventory_selected_icon_button": {}
      },
      {
        "gamepad_cursor@common.gamepad_cursor_button": {}
      }
    ]
  },
  "large_crate_root_panel@chest.small_root_panel": {
    "$chest_panel": "large_crate_screen.large_crate_controller",
    "$chest_ui|default": "large_crate_screen.large_crate",
    "size": [182, 220],
    "offset": [0, 0],
    "$show_close_button": false
  },
  "gem_pouch_root_panel@chest.small_root_panel": {
    "$chest_panel": "gemPouch_screen.gem_pouch_controller",
    "$chest_ui|default": "gemPouch_screen.gem_pouch",
    "size": [182, 220],
    "$show_close_button": false,
    "offset": [0, 0]
  },
  "furnace_root_panel@chest.small_root_panel": {
    "$chest_panel": "furnace_screen.furnace_controller",
    "$chest_ui|default": "furnace_screen.furnace",
    "size": [182, 220],
    "$show_close_button": false,
    "offset": [0, 0]
  },
  "crate_root_panel@chest.small_root_panel": {
    "$chest_panel": "crate_screen.crate_controller",
    "$chest_ui|default": "crate_screen.crate",
    "size": [182, 220],
    "$show_close_button": false,
    "offset": [0, 0]
  },
  "restructurer_root_panel@chest.small_root_panel": {
    "$chest_panel": "restructurer_screen.restructurer_controller",
    "$chest_ui|default": "restructurer_screen.restructurer",
    "size": [182, 220],
    "$show_close_button": false,
    "offset": [0, 0]
  },
  "purifier_root_panel@chest.small_root_panel": {
    "$chest_panel": "purifier_screen.purifier_controller",
    "$chest_ui|default": "purifier_screen.purifier",
    "size": [182, 220],
    "offset": [0, 0],
    "$show_close_button": false
  },
  "selected_item_details@common.selected_item_details": {
    "offset": [0, 0]
  },
  "large_chest_panel": {
    "type": "panel",
    "controls": [
      {
        "container_gamepad_helpers@common.container_gamepad_helpers": {}
      },
      {
        "flying_item_renderer@common.flying_item_renderer": {
          "layer": 11
        }
      },
      {
        "selected_item_details_factory@common.selected_item_details_factory": {
          "control_name": "@chest.selected_item_details"
        }
      },
      {
        "item_lock_notification_factory@common.item_lock_notification_factory": {
          "control_name": "@common.item_lock_notification"
        }
      },
      {
        "root_panel@common.root_panel": {
          "size": [176, 220],
          "layer": 1,
          "controls": [
            {
              "common_panel@common.common_panel": {}
            },
            {
              "chest_panel": {
                "type": "panel",
                "layer": 5,
                "controls": [
                  {
                    "large_chest_panel_top_half@chest.large_chest_panel_top_half": {}
                  },
                  {
                    "inventory_panel_bottom_half_with_label@common.inventory_panel_bottom_half_with_label": {}
                  },
                  {
                    "hotbar_grid@common.hotbar_grid_template": {}
                  },
                  {
                    "inventory_take_progress_icon_button@common.inventory_take_progress_icon_button": {}
                  }
                ]
              }
            },
            {
              "inventory_selected_icon_button@common.inventory_selected_icon_button": {}
            },
            {
              "gamepad_cursor@common.gamepad_cursor_button": {}
            }
          ]
        }
      }
    ]
  },
  "ender_chest_panel@chest.small_root_panel": {},
  "shulker_box_panel@chest.small_root_panel": {},
  "barrel_panel@chest.small_root_panel": {},
  "small_chest_screen@common.inventory_screen_common": {
    "$close_on_player_hurt|default": true,
    "$use_custom_pocket_toast|default": false,
    "close_on_player_hurt": "$close_on_player_hurt",
    "use_custom_pocket_toast": "$use_custom_pocket_toast",
    "$display_title|default": "$container_title",
    "$container_size|default": 27,
    "modifications": [
      {
        "array_name": "variables",
        "operation": "insert_back",
        "value": {
          "requires": "$desktop_screen",
          "$screen_content": "chest.small_root_panel",
          "$screen_bg_content": "common.screen_background",
          "$screen_background_alpha": 0.4
        }
      },
      {
        "array_name": "variables",
        "operation": "insert_back",
        "value": {
          "requires": "$pocket_screen",
          "$use_custom_pocket_toast": true,
          "$screen_content": "pocket_containers.small_root_panel"
        }
      },
      {
        "array_name": "variables",
        "operation": "insert_back",
        "value": {
          "requires": "($display_title = 'Gemstone Pouch')",
          "$screen_content": "chest.gem_pouch_root_panel",
          "$screen_bg_content": "common.screen_background",
          "$display_title": " ",
          "$container_size": 108
        }
      },
      {
        "array_name": "variables",
        "operation": "insert_back",
        "value": {
          "requires": "($display_title = 'gaia_stone_furnace_ui')",
          "$screen_content": "chest.furnace_root_panel",
          "$screen_bg_content": "common.screen_background",
          "$display_title": " ",
          "$container_size": 108
        }
      },
      {
        "array_name": "variables",
        "operation": "insert_back",
        "value": {
          "requires": "($display_title = 'crate_ui')",
          "$screen_content": "chest.crate_root_panel",
          "$screen_bg_content": "common.screen_background",
          "$display_title": " ",
          "$container_size": 27
        }
      },
      {
        "array_name": "variables",
        "operation": "insert_back",
        "value": {
          "requires": "($display_title = 'purifier_ui')",
          "$screen_content": "chest.purifier_root_panel",
          "$screen_bg_content": "common.screen_background",
          "$display_title": "Purifier",
          "$container_size": 36
        }
      },
      {
        "array_name": "variables",
        "operation": "insert_back",
        "value": {
          "requires": "($display_title = 'purifier_ui' and $pocket_screen)",
          "$screen_content": "chest.purifier_root_panel",
          "$screen_bg_content": "common.screen_background",
          "$display_title": "Purifier",
          "$container_size": 36
        }
      },
      {
        "array_name": "variables",
        "operation": "insert_back",
        "value": {
          "requires": "($display_title = 'restructurer_ui')",
          "$screen_content": "chest.restructurer_root_panel",
          "$screen_bg_content": "common.screen_background",
          "$display_title": "Restructurer",
          "$container_size": 54
        }
      },
      {
        "array_name": "variables",
        "operation": "insert_back",
        "value": {
          "requires": "($display_title = 'restructurer_ui' and $pocket_screen)",
          "$screen_content": "chest.restructurer_root_panel",
          "$screen_bg_content": "common.screen_background",
          "$display_title": "restructurer",
          "$container_size": 54
        }
      },
      {
        "array_name": "variables",
        "operation": "insert_back",
        "value": {
          "requires": "($display_title = 'large_crate_ui')",
          "$screen_content": "chest.large_crate_root_panel",
          "$screen_bg_content": "common.screen_background",
          "$display_title": " ",
          "$container_size": 180
        }
      },
      {
        "array_name": "variables",
        "operation": "insert_back",
        "value": {
          "requires": "($display_title = 'large_crate_ui' and $pocket_screen)",
          "$screen_content": "chest.large_crate_root_panel",
          "$screen_bg_content": "common.screen_background",
          "$display_title": " ",
          "$container_size": 180
        }
      },
        {
          "array_name": "variables",
          "operation": "insert_back",
          "value": {
            "requires": "($display_title = 'gaia_furnace')",
            "$screen_content": "chest.gaia_furnace_panel",
            "$screen_bg_content": "common.screen_background"
          }
        }
      ]
  },
  "large_chest_screen@common.inventory_screen_common": {
    "$close_on_player_hurt|default": true,
    "$use_custom_pocket_toast|default": false,
    "close_on_player_hurt": "$close_on_player_hurt",
    "use_custom_pocket_toast": "$use_custom_pocket_toast",
    "variables": [
      {
        "requires": "$desktop_screen",
        "$screen_content": "chest.large_chest_panel",
        "$screen_bg_content": "common.screen_background",
        "$screen_background_alpha": 0.4
      },
      {
        "requires": "$pocket_screen",
        "$use_custom_pocket_toast": true,
        "$screen_content": "pocket_containers.large_chest_panel"
      }
    ]
  },
  "ender_chest_screen@common.inventory_screen_common": {
    "$close_on_player_hurt|default": true,
    "$use_custom_pocket_toast|default": false,
    "close_on_player_hurt": "$close_on_player_hurt",
    "use_custom_pocket_toast": "$use_custom_pocket_toast",
    "variables": [
      {
        "requires": "$desktop_screen",
        "$screen_content": "chest.ender_chest_panel",
        "$screen_bg_content": "common.screen_background",
        "$screen_background_alpha": 0.4
      },
      {
        "requires": "$pocket_screen",
        "$use_custom_pocket_toast": true,
        "$screen_content": "pocket_containers.ender_chest_panel"
      }
    ]
  },
  "shulker_box_screen@chest.small_chest_screen": {
    "$close_on_player_hurt": true,
    "$use_custom_pocket_toast|default": false,
    "variables": [
      {
        "requires": "$desktop_screen",
        "$screen_content": "chest.shulker_box_panel",
        "$screen_bg_content": "common.screen_background",
        "$screen_background_alpha": 0.4
      },
      {
        "requires": "$pocket_screen",
        "$use_custom_pocket_toast": true,
        "$screen_content": "pocket_containers.shulker_box_panel"
      }
    ]
  },
  "barrel_screen@chest.small_chest_screen": {
    "$close_on_player_hurt": true,
    "$use_custom_pocket_toast|default": false,
    "variables": [
      {
        "requires": "$desktop_screen",
        "$screen_content": "chest.barrel_panel",
        "$screen_bg_content": "common.screen_background",
        "$screen_background_alpha": 0.4
      },
      {
        "requires": "$pocket_screen",
        "$use_custom_pocket_toast": true,
        "$screen_content": "pocket_containers.barrel_panel"
      }
    ]
  }
}
