{
  "namespace": "gaia_restructurer",
  "restructurer_icon": {
    "type": "stack_panel",
    "size": [18, 18],
    "anchor_from": "top_left",
    "anchor_to": "top_left",
    "collection_name": "$collection_name",
    "$texture_path_0|default": "textures/ui/misc/missing_texture",
    "$texture_path_1|default": "textures/ui/misc/missing_texture",
    "$texture_path_2|default": "textures/ui/misc/missing_texture",
    "$texture_path_3|default": "textures/ui/misc/missing_texture",
    "$texture_path_4|default": "textures/ui/misc/missing_texture",
    "$texture_path_5|default": "textures/ui/misc/missing_texture",
    "$texture_path_6|default": "textures/ui/misc/missing_texture",
    "$texture_path_7|default": "textures/ui/misc/missing_texture",
    "controls": [
      {
        "stage_0_container": {
          "type": "input_panel",
          "collection_index": "$index",
          "controls": [
            {
              "stage_0": {
                "type": "image",
                "texture": "$texture_path_0",
                "bindings": [
                  {
                    "binding_name": "#inventory_stack_count",
                    "binding_type": "collection",
                    "binding_collection_name": "$collection_name"
                  },
                  {
                    "binding_type": "view",
                    "source_property_name": "(#inventory_stack_count = '2')",
                    "target_property_name": "#visible"
                  }
                ]
              }
            },
            {
              "stage_1": {
                "type": "image",
                "texture": "$texture_path_1",
                "bindings": [
                  {
                    "binding_name": "#inventory_stack_count",
                    "binding_type": "collection",
                    "binding_collection_name": "$collection_name"
                  },
                  {
                    "binding_type": "view",
                    "source_property_name": "(#inventory_stack_count = '3')",
                    "target_property_name": "#visible"
                  }
                ]
              }
            },
            {
              "stage_2": {
                "type": "image",
                "texture": "$texture_path_2",
                "bindings": [
                  {
                    "binding_name": "#inventory_stack_count",
                    "binding_type": "collection",
                    "binding_collection_name": "$collection_name"
                  },
                  {
                    "binding_type": "view",
                    "source_property_name": "(#inventory_stack_count = '4')",
                    "target_property_name": "#visible"
                  }
                ]
              }
            },
            {
              "stage_3": {
                "type": "image",
                "texture": "$texture_path_3",
                "bindings": [
                  {
                    "binding_name": "#inventory_stack_count",
                    "binding_type": "collection",
                    "binding_collection_name": "$collection_name"
                  },
                  {
                    "binding_type": "view",
                    "source_property_name": "(#inventory_stack_count = '5')",
                    "target_property_name": "#visible"
                  }
                ]
              }
            },
            {
              "stage_4": {
                "type": "image",
                "texture": "$texture_path_4",
                "bindings": [
                  {
                    "binding_name": "#inventory_stack_count",
                    "binding_type": "collection",
                    "binding_collection_name": "$collection_name"
                  },
                  {
                    "binding_type": "view",
                    "source_property_name": "(#inventory_stack_count = '6')",
                    "target_property_name": "#visible"
                  }
                ]
              }
            },
            {
              "stage_5": {
                "type": "image",
                "texture": "$texture_path_5",
                "bindings": [
                  {
                    "binding_name": "#inventory_stack_count",
                    "binding_type": "collection",
                    "binding_collection_name": "$collection_name"
                  },
                  {
                    "binding_type": "view",
                    "source_property_name": "(#inventory_stack_count = '7')",
                    "target_property_name": "#visible"
                  }
                ]
              }
            },
            {
              "stage_6": {
                "type": "image",
                "texture": "$texture_path_6",
                "bindings": [
                  {
                    "binding_name": "#inventory_stack_count",
                    "binding_type": "collection",
                    "binding_collection_name": "$collection_name"
                  },
                  {
                    "binding_type": "view",
                    "source_property_name": "(#inventory_stack_count = '8')",
                    "target_property_name": "#visible"
                  }
                ]
              }
            },
            {
              "stage_7": {
                "type": "image",
                "texture": "$texture_path_7",
                "bindings": [
                  {
                    "binding_name": "#inventory_stack_count",
                    "binding_type": "collection",
                    "binding_collection_name": "$collection_name"
                  },
                  {
                    "binding_type": "view",
                    "source_property_name": "(#inventory_stack_count = '9')",
                    "target_property_name": "#visible"
                  }
                ]
              }
            }
          ]
        }
      }
    ]
  },
  "restructurer_label": {
    "type": "label",
    "offset": [0, -3],
    "anchor_from": "top_middle",
    "anchor_to": "top_middle",
    "text": "Restructurer",
    "color": [1, 1, 1],
    "layer": 2
  },
  "input_grid_panel": {
    "type": "panel"
  },
  "cell_image": {
    "type": "image",
    "texture": "textures/ui/invisible",
    "layer": 1
  },
  "background_image": {
    "type": "image",
    "texture": "textures/ui/restructurer_background",
    "size": ["100%", "100%"],
    "tiled": true,
    "layer": 1
  },
  "restructurer_grid": {
    "type": "stack_panel",
    //"$background_images": "gaia_restructurer.cell_image",
    "$index": 0,
    "anchor_from": "top_middle",
    "anchor_to": "top_middle",
    "collection_name": "$collection_name",
    "$slot_size": [18, 18],
    "controls": [
      {
        "left_top@chest.chest_grid_item": {
          "ignored": false,
          "$cell_image_size": "$slot_size",
          "size": "$slot_size",
          "collection_index": "$index"
        }
      }
    ]
  },
  "restructurer_screen_slots": {
    "type": "panel",
    "size": [162, 54],
    "offset": ["50%-20px", -3],
    "$collection_name": "container_items",
    "controls": [
      {
        "fuel_input_left@gaia_restructurer.restructurer_grid": {
          "$index": 0,
          "offset": [-27, -22]
        }
      },
      {
        "fuel_input_right@gaia_restructurer.restructurer_grid": {
          "$index": 1,
          "offset": [27, -22]
        }
      },
      {
        "material_input@gaia_restructurer.restructurer_grid": {
          "$index": 2,
          "offset": [0, -4]
        }
      },
      {
        "material_output_left@gaia_restructurer.restructurer_grid": {
          "$index": 3,
          "offset": [-10, 37]
        }
      },
      {
        "material_output_right@gaia_restructurer.restructurer_grid": {
          "$index": 4,
          "offset": [10, 37]
        }
      },
      //anim slots
      {
        "fuel_display_left@gaia_restructurer.restructurer_icon": {
          "$index": 5,
          "offset": [0, -22],
          "$texture_path_0": "textures/ui/restructurer_arrow_down_right_0",
          "$texture_path_1": "textures/ui/restructurer_arrow_down_right_1",
          "$texture_path_2": "textures/ui/restructurer_arrow_down_right_2",
          "$texture_path_3": "textures/ui/restructurer_arrow_down_right_3",
          "$texture_path_4": "textures/ui/restructurer_arrow_down_right_4",
          "$texture_path_5": "textures/ui/restructurer_arrow_down_right_5",
          "$texture_path_6": "textures/ui/restructurer_arrow_down_right_6",
          "$texture_path_7": "textures/ui/restructurer_arrow_down_right_7"
        }
      },
      {
        "fuel_display_right@gaia_restructurer.restructurer_icon": {
          "$index": 6,
          "offset": [0, -22],
          "$texture_path_0": "textures/ui/restructurer_arrow_down_left_0",
          "$texture_path_1": "textures/ui/restructurer_arrow_down_left_1",
          "$texture_path_2": "textures/ui/restructurer_arrow_down_left_2",
          "$texture_path_3": "textures/ui/restructurer_arrow_down_left_3",
          "$texture_path_4": "textures/ui/restructurer_arrow_down_left_4",
          "$texture_path_5": "textures/ui/restructurer_arrow_down_left_5",
          "$texture_path_6": "textures/ui/restructurer_arrow_down_left_6",
          "$texture_path_7": "textures/ui/restructurer_arrow_down_left_7"
        }
      },
      {
        "progress_display_bottom@gaia_restructurer.restructurer_icon": {
          "$index": 7,
          "offset": [0, 16],
          "$texture_path_0": "textures/ui/restructurer_arrow_down_0",
          "$texture_path_1": "textures/ui/restructurer_arrow_down_1",
          "$texture_path_2": "textures/ui/restructurer_arrow_down_2",
          "$texture_path_3": "textures/ui/restructurer_arrow_down_3",
          "$texture_path_4": "textures/ui/restructurer_arrow_down_4",
          "$texture_path_5": "textures/ui/restructurer_arrow_down_5",
          "$texture_path_6": "textures/ui/restructurer_arrow_down_6",
          "$texture_path_7": "textures/ui/restructurer_arrow_down_7"
        }
      }
    ]
  },
  "gaia_restructurer_panel_top_half": {
    "type": "panel",
    "size": ["100%", "70% - 12px"],
    "offset": [0, 12],
    "anchor_to": "top_left",
    "anchor_from": "top_left",
    "controls": [
      {
        "chest_label@gaia_restructurer.restructurer_label": {}
      },
      {
        "grid@gaia_restructurer.restructurer_screen_slots": {}
      }
    ]
  }
}
