{
  "namespace": "purifier_screen",
  "purifier_grid": {
    "type": "grid",
    "size": [54, 54],
    "anchor_from": "center",
    "anchor_to": "center",
    "offset": [0, 0],
    "grid_dimensions": [8, 1],
    "grid_item_template": "chest.chest_grid_item",
    "collection_name": "container_items",
    "controls": [
      {
        "top_slot_0": {
          "type": "panel",
          "grid_position": [0, 0],
          "controls": [
            {
              "left_top@chest.chest_grid_item": {
                "ignored": false,
                "size": [18, 18],
                "offset": [15, -61]
              }
            }
          ]
        }
      },
      {
        "top_slot_1": {
          "type": "panel",
          "grid_position": [1, 0],
          "controls": [
            {
              "left_top@chest.chest_grid_item": {
                "ignored": false,
                "size": [18, 18],
                "offset": [7, -79]
              }
            }
          ]
        }
      },
      {
        "top_slot_2": {
          "type": "panel",
          "grid_position": [2, 0],
          "controls": [
            {
              "left_top@chest.chest_grid_item": {
                "ignored": false,
                "size": [18, 18],
                "offset": [34, -5]
              }
            }
          ]
        }
      },
      {
        "top_slot_3": {
          "type": "panel",
          "grid_position": [3, 0],
          "controls": [
            {
              "left_top@chest.chest_grid_item": {
                "ignored": false,
                "$item_renderer_size": [18, 18],
                "size": [18, 18],
                "offset": [-42, -6]
              }
            }
          ]
        }
      },
      {
        "top_slot_4": {
          "type": "panel",
          "grid_position": [4, 0],
          "controls": [
            {
              "left_top@chest.chest_grid_item": {
                "ignored": false,
                "size": [18, 18],
                "offset": [-32, -33]
              }
            }
          ]
        }
      },
      {
        "top_slot_5": {
          "type": "panel",
          "grid_position": [5, 0],
          "controls": [
            {
              "left_top@chest.chest_grid_item": {
                "ignored": false,
                "$item_renderer_size": [26, 26],
                "size": [0, 0],
                "offset": [-17, -38]
              }
            }
          ]
        }
      },
      {
        "top_slot_6": {
          "type": "panel",
          "grid_position": [5, 0],
          "controls": [
            {
              "left_top@chest.chest_grid_item": {
                "ignored": false,
                "$item_renderer_size": [18, 18],
                "size": [18, 18],
                "offset": [-4, -33]
              }
            }
          ]
        }
      },
      {
        "top_slot_7": {
          "type": "panel",
          "grid_position": [5, 0],
          "controls": [
            {
              "left_top@chest.chest_grid_item": {
                "ignored": false,
                "$item_renderer_size": [18, 18],
                "size": [0, 0],
                "offset": [-33, -10]
              }
            }
          ]
        }
      }
    ]
  },
  "purifier_panel_top_half": {
    "type": "panel",
    "anchor_from": "left_middle",
    "anchor_to": "left_middle",
    "controls": [
      {
        "grid@purifier_screen.purifier_grid": {
          "offset": [0, 0],
          "layer": 0
        }
      }
    ]
  },
  "purifier_controller": {
    "type": "panel",
    "size": ["100%", 200],
    "offset": [0, 11],
    "anchor_to": "top_left",
    "anchor_from": "top_left",
    "controls": [
      {
        "chest_label@chest.chest_label": {
          "layer": 10,
          "offset": [74, 10],
          "color": [1, 1, 1]
        }
      },
      {
        "close_button@common.close_button": {
          "offset": [-5, 13]
        }
      },
      {
        "bg": {
          "type": "image",
          "texture": "textures/ui/gaia/Background/d.png",
          "layer": 5,
          "size": [175, 299],
          "offset": [-1, 9]
        }
      },
      {
        "panel_top_half@purifier_screen.purifier_panel_top_half": {
          "offset": [7, 10]
        }
      }
    ]
  }
}
