{
  "namespace": "restructurer_screen",
  "restructurer_grid": {
    "type": "grid",
    "size": [54, 54],
    "anchor_from": "center",
    "anchor_to": "center",
    "offset": [0, 0],
    "grid_dimensions": [8, 1],
    "grid_item_template": "chest.chest_grid_item",
    "collection_name": "container_items",
    "controls": [
      {
        "top_slot_0": {
          "type": "panel",
          "grid_position": [0, 0],
          "controls": [
            {
              "left_top@chest.chest_grid_item": {
                "ignored": false,
                "size": [18, 18],
                "offset": [17, -55]
              }
            }
          ]
        }
      },
      {
        "top_slot_1": {
          "type": "panel",
          "grid_position": [1, 0],
          "controls": [
            {
              "left_top@chest.chest_grid_item": {
                "ignored": false,
                "size": [18, 18],
                "offset": [-19, -72]
              }
            }
          ]
        }
      },
      {
        "top_slot_2": {
          "type": "panel",
          "grid_position": [2, 0],
          "controls": [
            {
              "left_top@chest.chest_grid_item": {
                "ignored": false,
                "size": [18, 18],
                "offset": [32, -72]
              }
            }
          ]
        }
      },
      {
        "top_slot_3": {
          "type": "panel",
          "grid_position": [3, 0],
          "controls": [
            {
              "left_top@chest.chest_grid_item": {
                "ignored": false,
                "$item_renderer_size": [18, 18],
                "size": [18, 18],
                "offset": [7, -8]
              }
            }
          ]
        }
      },
      {
        "top_slot_4": {
          "type": "panel",
          "grid_position": [4, 0],
          "controls": [
            {
              "left_top@chest.chest_grid_item": {
                "ignored": false,
                "size": [19, 19],
                "offset": [-20, -9]
              }
            }
          ]
        }
      },
      {
        "top_slot_5": {
          "type": "panel",
          "grid_position": [5, 0],
          "controls": [
            {
              "left_top@chest.chest_grid_item": {
                "ignored": false,
                "$item_renderer_size": [23, 23],
                "size": [0, 0],
                "offset": [-13, -33]
              }
            }
          ]
        }
      },
      {
        "top_slot_6": {
          "type": "panel",
          "grid_position": [5, 0],
          "controls": [
            {
              "left_top@chest.chest_grid_item": {
                "ignored": false,
                "$item_renderer_size": [18, 18],
                "size": [0, 0],
                "offset": [-13, -73]
              }
            }
          ]
        }
      },
      {
        "top_slot_7": {
          "type": "panel",
          "grid_position": [5, 0],
          "controls": [
            {
              "left_top@chest.chest_grid_item": {
                "ignored": false,
                "$item_renderer_size": [18, 18],
                "size": [0, 0],
                "offset": [-40, -75]
              }
            }
          ]
        }
      }
    ]
  },
  "large_restructurer_grid": {
    "type": "grid",
    "size": [162, 432],
    "anchor_from": "top_left",
    "anchor_to": "top_left",
    "grid_dimensions": [9, 24],
    "grid_item_template": "chest.chest_grid_item",
    "collection_name": "container_items"
  },
  "restructurer_panel_top_half": {
    "type": "panel",
    "anchor_from": "left_middle",
    "anchor_to": "left_middle",
    "controls": [
      {
        "grid@restructurer_screen.restructurer_grid": {
          "offset": [0, 0],
          "layer": 0
        }
      }
    ]
  },
  "restructurer_controller": {
    "type": "panel",
    "size": ["100%", 200],
    "offset": [0, 11],
    "anchor_to": "top_left",
    "anchor_from": "top_left",
    "controls": [
      {
        "chest_label@chest.chest_label": {
          "layer": 10,
          "offset": [60, 16],
          "color": [1, 1, 1]
        }
      },
      {
        "close_button@common.close_button": {
          "offset": [-5, 13]
        }
      },
      {
        "bg": {
          "type": "image",
          "texture": "textures/ui/gaia/Background/s.png",
          "layer": 5,
          "size": [175, 299],
          "offset": [-1, 12]
        }
      },
      {
        "panel_top_half@restructurer_screen.restructurer_panel_top_half": {
          "offset": [7, 10]
        }
      }
    ]
  }
}
