{
	"format_version": "1.20.10",
	"minecraft:block": {
	  "description": {
		"identifier": "gaia:amethyst_slab",
		"menu_category": {
		  "category": "construction",
		  "group": "itemGroup.name.slab"
		},
		"traits": {
		  "minecraft:placement_position": {
			"enabled_states": ["minecraft:vertical_half"]
		  }
		},
		"states": {
		  "gaia:double": [false, true]
		}
	  },
	  "permutations": [
		// Bottom Slab
		{
		  "condition": "query.block_state('minecraft:vertical_half') == 'bottom' && !query.block_state('gaia:double')",
		  "components": {
			"minecraft:collision_box": {
			  "origin": [-8, 0, -8],
			  "size": [16, 8, 16]
			},
			"minecraft:selection_box": {
			  "origin": [-8, 0, -8],
			  "size": [16, 8, 16]
			},
			"minecraft:on_interact": {
			  "event": "gaia:full_slab",
			  "condition": "q.block_face == 1.0 && q.is_item_name_any('slot.weapon.mainhand','gaia:amethyst_slab')"
			}
		  }
		},
		// Top Slab
		{
		  "condition": "query.block_state('minecraft:vertical_half') == 'top' && !query.block_state('gaia:double')",
		  "components": {
			"minecraft:collision_box": {
			  "origin": [-8, 8, -8],
			  "size": [16, 8, 16]
			},
			"minecraft:selection_box": {
			  "origin": [-8, 8, -8],
			  "size": [16, 8, 16]
			},
			"minecraft:on_interact": {
			  "event": "gaia:full_slab",
			  "condition": "q.block_face == 0.0 && q.is_item_name_any('slot.weapon.mainhand','gaia:amethyst_slab')"
			}
		  }
		},
		// Double Slab
		{
		  "condition": "query.block_state('gaia:double')",
		  "components": {
			"minecraft:unit_cube": {},
			"minecraft:on_player_destroyed": {
			  "event": "gaia:double_destroy"
			}
		  }
		}
	  ],
	  "components": {
		"minecraft:destructible_by_mining": {
		  "seconds_to_destroy": 7
		},
		"minecraft:destructible_by_explosion": {
		  "explosion_resistance": 6
		},
		 
		"minecraft:geometry": {
		  "identifier": "geometry.slab",
		  "bone_visibility": {
			"bottom_slab": "query.block_state('minecraft:vertical_half') == 'bottom'",
			"top_slab": "query.block_state('minecraft:vertical_half') == 'top'"
		  }
		},
		"minecraft:material_instances": {
		  "*": {
			"texture": "amethyst_bricks",
			"render_method": "opaque"
		  }
		}
	  },
	  "events": {
		"gaia:full_slab": {
		  "set_block_property": {
			"gaia:double": true
		  },
		  "run_command": {
			"command": "playsound step.stone @a ~~~ 0.7 1.5"
		  },
		  "decrement_stack": {}
		},
		"gaia:double_destroy": {
			"spawn_loot":{
				"table": "blocks/gaia/amethyst_slab.json"
		}
	  }
	}
  }
}