{
	"format_version": "1.12.0",
	"minecraft:geometry": [
		{
			"description": {
				"identifier": "geometry.ancient_lagrahk",
				"texture_width": 140,
				"texture_height": 140,
				"visible_bounds_width": 7,
				"visible_bounds_height": 6.5,
				"visible_bounds_offset": [0, 2.75, 0]
			},
			"bones": [
				{
					"name": "lowerBody",
					"pivot": [0, 32, 7.3],
					"rotation": [10, 0, 0],
					"cubes": [
						{"origin": [-10, 19, -2.7], "size": [20, 13, 10], "uv": [72, 19]}
					]
				},
				{
					"name": "midBody",
					"parent": "lowerBody",
					"pivot": [0, 31, -0.3],
					"rotation": [5.22, 0, 0],
					"cubes": [
						{"origin": [-7, 31, -0.3], "size": [14, 18, 7], "uv": [37, 35]}
					]
				},
				{
					"name": "neck",
					"parent": "midBody",
					"pivot": [0, 48.4, 0.7],
					"rotation": [30, 0, 0],
					"cubes": [
						{"origin": [-4, 47.4, -1.3], "size": [8, 12, 6], "uv": [0, 41]}
					]
				},
				{
					"name": "head",
					"parent": "neck",
					"pivot": [0, 58.4, 4.7],
					"rotation": [-30, 0, 0],
					"cubes": [
						{"origin": [-5.5, 56.4, -7.3], "size": [11, 12, 12], "uv": [79, 42]}
					]
				},
				{
					"name": "browR",
					"parent": "head",
					"pivot": [1.7, 65.8, -5.2],
					"rotation": [10.5, 13, 0],
					"cubes": [
						{"origin": [1.7, 61.8, -5.2], "size": [4, 4, 9], "uv": [34, 60]}
					]
				},
				{
					"name": "mouth",
					"parent": "head",
					"pivot": [0, 60.2, -6.3],
					"cubes": [
						{"origin": [-3.5, 56.2, -17.3], "size": [7, 4, 11], "uv": [50, 62]}
					]
				},
				{
					"name": "teeth",
					"parent": "mouth",
					"pivot": [0, 60.2, -6.3],
					"cubes": [
						{"origin": [-3, 60.2, -16.3], "size": [6, 2, 10], "uv": [40, 77]}
					]
				},
				{
					"name": "hornBaseR",
					"parent": "head",
					"pivot": [4.6, 65.7, -4.4],
					"rotation": [70.5, -10.43, 56],
					"cubes": [
						{"origin": [1.6, 62.7, -4.4], "size": [5, 5, 13], "uv": [96, 71]}
					]
				},
				{
					"name": "hornMidR",
					"parent": "hornBaseR",
					"pivot": [4.6, 66, 6],
					"rotation": [90, 0, -45],
					"cubes": [
						{"origin": [2.1, 63.5, 6], "size": [4, 4, 10], "uv": [18, 84]}
					]
				},
				{
					"name": "hornTipR",
					"parent": "hornMidR",
					"pivot": [4.1, 66, 15.9],
					"rotation": [-90, 0, 0],
					"cubes": [
						{"origin": [3.1, 64, 15.9], "size": [2, 2, 9], "uv": [116, 57]}
					]
				},
				{
					"name": "snout",
					"parent": "head",
					"pivot": [0, 66.9, -5.3],
					"rotation": [10.43, 0, 0],
					"cubes": [
						{"origin": [-4.5, 61.9, -21.3], "size": [9, 5, 16], "uv": [0, 59]}
					]
				},
				{
					"name": "faceL",
					"parent": "head",
					"pivot": [-2, 65.8, -5.2],
					"rotation": [10.5, -13, 0],
					"cubes": [
						{"origin": [-6, 61.8, -5.2], "size": [4, 4, 9], "uv": [28, 22]}
					]
				},
				{
					"name": "hornBaseL",
					"parent": "head",
					"pivot": [-3.2, 65.7, -5],
					"rotation": [70.5, 10.43, -56],
					"cubes": [
						{"origin": [-6.2, 62.7, -5], "size": [5, 5, 13], "uv": [73, 66]}
					]
				},
				{
					"name": "hornMidL",
					"parent": "hornBaseL",
					"pivot": [-3.2, 65.7, 5.4],
					"rotation": [90, 0, 45],
					"cubes": [
						{"origin": [-5.7, 63.2, 5.4], "size": [4, 4, 10], "uv": [0, 80]}
					]
				},
				{
					"name": "hornTipL",
					"parent": "hornMidL",
					"pivot": [-3.7, 65.7, 15.3],
					"rotation": [-90, 0, 0],
					"cubes": [
						{"origin": [-4.7, 63.7, 15.3], "size": [2, 2, 9], "uv": [113, 42]}
					]
				},
				{
					"name": "leg0",
					"pivot": [-6.5, 25, 0],
					"rotation": [60, 13, 0],
					"cubes": [
						{"origin": [-9.5, 21, -13], "size": [6, 6, 13], "uv": [0, 0]}
					]
				},
				{
					"name": "lowerLegL",
					"parent": "leg0",
					"pivot": [-6.6, 22.9, -12.7],
					"rotation": [50, 0, 0],
					"cubes": [
						{"origin": [-9.6, 19.9, -25.7], "size": [6, 6, 16], "uv": [38, 0]}
					]
				},
				{
					"name": "footL",
					"parent": "lowerLegL",
					"pivot": [-6.6, 20.6, -25],
					"rotation": [-20, 0, 0],
					"cubes": [
						{"origin": [-10.1, 19.6, -28], "size": [7, 9, 3], "uv": [25, 0]}
					]
				},
				{
					"name": "toeL",
					"parent": "footL",
					"pivot": [-4, 21.6, -27.1],
					"rotation": [0, 20.87, 0],
					"cubes": [
						{"origin": [-4, 20.6, -27.1], "size": [3, 2, 2], "uv": [74, 0]}
					]
				},
				{
					"name": "clawsL",
					"parent": "footL",
					"pivot": [-6.6, 28.2, -27.7],
					"cubes": [
						{"origin": [-9.6, 28.2, -27.7], "size": [6, 3, 2], "uv": [84, 0]}
					]
				},
				{
					"name": "leg1",
					"pivot": [6.5, 25, 0],
					"rotation": [60, -13, 0],
					"cubes": [
						{"origin": [3.5, 21, -13], "size": [6, 6, 13], "uv": [0, 0]}
					]
				},
				{
					"name": "lowerLegR",
					"parent": "leg1",
					"pivot": [6.6, 22.9, -12.7],
					"rotation": [50, 0, 0],
					"cubes": [
						{"origin": [3.6, 19.9, -25.7], "size": [6, 6, 16], "uv": [0, 19]}
					]
				},
				{
					"name": "footR",
					"parent": "lowerLegR",
					"pivot": [6.6, 20.6, -25],
					"rotation": [-18, 0, 0],
					"cubes": [
						{"origin": [3.1, 19.6, -28], "size": [7, 9, 3], "uv": [112, 0]}
					]
				},
				{
					"name": "clawsR",
					"parent": "footR",
					"pivot": [6.6, 28.2, -27.7],
					"cubes": [
						{"origin": [3.6, 28.2, -27.7], "size": [6, 3, 2], "uv": [82, 5]}
					]
				},
				{
					"name": "toeR",
					"parent": "footR",
					"pivot": [4, 21.6, -27.1],
					"rotation": [0, -20.87, 0],
					"cubes": [
						{"origin": [1, 20.6, -27.1], "size": [3, 2, 2], "uv": [72, 4]}
					]
				},
				{
					"name": "upperArm1",
					"pivot": [4.5, 44, -2],
					"rotation": [-19, 0, -11.45916],
					"cubes": [
						{"origin": [3, 35, -5], "size": [3, 9, 3], "uv": [125, 12]}
					]
				},
				{
					"name": "lowerArm1",
					"parent": "upperArm1",
					"pivot": [4.6, 38.1, -2.1],
					"rotation": [-90, 0, 0],
					"cubes": [
						{"origin": [3.1, 29.1, -2.1], "size": [3, 9, 3], "uv": [0, 19]}
					]
				},
				{
					"name": "hand1",
					"parent": "lowerArm1",
					"pivot": [4.6, 29.6, -2.1],
					"rotation": [90, 0, 0],
					"cubes": [
						{"origin": [2.6, 25.6, -5.1], "size": [4, 4, 3], "uv": [66, 8]}
					]
				},
				{
					"name": "clawR1",
					"parent": "hand1",
					"pivot": [5.6, 26.6, -3],
					"rotation": [90, 0, 0],
					"cubes": [
						{"origin": [5.1, 26.6, -7], "size": [1, 2, 4], "uv": [0, 5]}
					]
				},
				{
					"name": "clawL1",
					"parent": "hand1",
					"pivot": [3.6, 26.5, -3],
					"rotation": [90, 0, 0],
					"cubes": [
						{"origin": [3.1, 26.5, -7], "size": [1, 2, 4], "uv": [41, 8]}
					]
				},
				{
					"name": "upperArm4",
					"pivot": [-4.5, 34, 1],
					"rotation": [-19, 0, 11.45916],
					"cubes": [
						{"origin": [-6, 25, -2], "size": [3, 9, 3], "uv": [123, 89]}
					]
				},
				{
					"name": "lowerArm4",
					"parent": "upperArm4",
					"pivot": [-4.4, 28.1, 0.9],
					"rotation": [-90, 0, 0],
					"cubes": [
						{"origin": [-5.9, 19.1, 0.9], "size": [3, 9, 3], "uv": [43, 95]}
					]
				},
				{
					"name": "hand4",
					"parent": "lowerArm4",
					"pivot": [-4.4, 19.6, 0.9],
					"rotation": [90, 0, 0],
					"cubes": [
						{"origin": [-6.4, 15.6, -2.1], "size": [4, 4, 3], "uv": [119, 75]}
					]
				},
				{
					"name": "clawL4",
					"parent": "hand4",
					"pivot": [-5.4, 16.5, 0],
					"rotation": [90, 0, 0],
					"cubes": [
						{"origin": [-5.9, 16.5, -4], "size": [1, 2, 4], "uv": [51, 60]}
					]
				},
				{
					"name": "clawR4",
					"parent": "hand4",
					"pivot": [-3.4, 16.6, 0],
					"rotation": [90, 0, 0],
					"cubes": [
						{"origin": [-3.9, 16.6, -4], "size": [1, 2, 4], "uv": [129, 59]}
					]
				},
				{
					"name": "upperArm3",
					"pivot": [4.5, 34, 1],
					"rotation": [-19, 0, -11.45916],
					"cubes": [
						{"origin": [3, 25, -2], "size": [3, 9, 3], "uv": [0, 59]}
					]
				},
				{
					"name": "lowerArm3",
					"parent": "upperArm3",
					"pivot": [4.6, 28.1, 0.9],
					"rotation": [-90, 0, 0],
					"cubes": [
						{"origin": [3.1, 19.1, 0.9], "size": [3, 9, 3], "uv": [96, 66]}
					]
				},
				{
					"name": "hand3",
					"parent": "lowerArm3",
					"pivot": [4.6, 19.6, 0.9],
					"rotation": [90, 0, 0],
					"cubes": [
						{"origin": [2.6, 15.6, -2.1], "size": [4, 4, 3], "uv": [119, 68]}
					]
				},
				{
					"name": "clawR3",
					"parent": "hand3",
					"pivot": [5.6, 16.6, 0],
					"rotation": [90, 0, 0],
					"cubes": [
						{"origin": [5.1, 16.6, -4], "size": [1, 2, 4], "uv": [126, 44]}
					]
				},
				{
					"name": "clawL3",
					"parent": "hand3",
					"pivot": [3.6, 16.5, 0],
					"rotation": [90, 0, 0],
					"cubes": [
						{"origin": [3.1, 16.5, -4], "size": [1, 2, 4], "uv": [129, 53]}
					]
				},
				{
					"name": "upperArm2",
					"pivot": [-4.5, 44, -2],
					"rotation": [-19, 0, 11.45916],
					"cubes": [
						{"origin": [-6, 35, -5], "size": [3, 9, 3], "uv": [54, 22]}
					]
				},
				{
					"name": "lowerArm2",
					"parent": "upperArm2",
					"pivot": [-4.4, 38.1, -2.1],
					"rotation": [-90, 0, 0],
					"cubes": [
						{"origin": [-5.9, 29.1, -2.1], "size": [3, 9, 3], "uv": [79, 42]}
					]
				},
				{
					"name": "hand2",
					"parent": "lowerArm2",
					"pivot": [-4.4, 29.6, -2.2],
					"rotation": [90, 0, 0],
					"cubes": [
						{"origin": [-6.4, 25.6, -5.2], "size": [4, 4, 3], "uv": [66, 22]}
					]
				},
				{
					"name": "clawL2",
					"parent": "hand2",
					"pivot": [-5.4, 26.5, -3.1],
					"rotation": [90, 0, 0],
					"cubes": [
						{"origin": [-5.9, 26.5, -7.1], "size": [1, 2, 4], "uv": [22, 41]}
					]
				},
				{
					"name": "clawR2",
					"parent": "hand2",
					"pivot": [-3.4, 26.6, -3.1],
					"rotation": [90, 0, 0],
					"cubes": [
						{"origin": [-3.9, 26.6, -7.1], "size": [1, 2, 4], "uv": [128, 38]}
					]
				},
				{
					"name": "tail1",
					"pivot": [0, 24, 7.8],
					"rotation": [-41.74, 0, 0],
					"cubes": [
						{"origin": [-5, 16, 7.8], "size": [10, 8, 15], "uv": [57, 84]}
					]
				},
				{
					"name": "tail2",
					"parent": "tail1",
					"pivot": [0, 22.9, 20.8],
					"rotation": [18.26, 0, 0],
					"cubes": [
						{"origin": [-4, 16.9, 20.8], "size": [8, 6, 13], "uv": [94, 94]}
					]
				},
				{
					"name": "tail3",
					"parent": "tail2",
					"pivot": [0, 21.9, 31.8],
					"rotation": [15.65, 0, 0],
					"cubes": [
						{"origin": [-3, 17.9, 31.8], "size": [6, 4, 11], "uv": [0, 98]}
					]
				},
				{
					"name": "tail4",
					"parent": "tail3",
					"pivot": [0, 20.9, 40.8],
					"rotation": [13.04, 0, 0],
					"cubes": [
						{"origin": [-2, 18.9, 40.8], "size": [4, 2, 9], "uv": [23, 98]}
					]
				}
			]
		}
	]
}