{
	"format_version": "1.12.0",
	"minecraft:geometry": [
		{
			"description": {
				"identifier": "geometry.bismuth_ulterus",
				"texture_width": 160,
				"texture_height": 160,
				"visible_bounds_width": 8,
				"visible_bounds_height": 4.5,
				"visible_bounds_offset": [0, 1.75, 0]
			},
			"bones": [
				{
					"name": "leg0",
					"pivot": [-8, 22.5, 15],
					"rotation": [60, 0, 0],
					"cubes": [
						{"origin": [-11, 15.5, 2], "size": [6, 9, 13], "uv": [85, 43]}
					]
				},
				{
					"name": "lowerLegL",
					"parent": "leg0",
					"pivot": [-8.1, 20.4, 2.3],
					"rotation": [50, 0, 0],
					"cubes": [
						{"origin": [-11.1, 16.4, -7.7], "size": [6, 7, 13], "uv": [87, 112]}
					]
				},
				{
					"name": "backPawL",
					"parent": "lowerLegL",
					"pivot": [-8.1, 17.9, -7.2],
					"rotation": [-20, 0, 0],
					"cubes": [
						{"origin": [-11.6, 15.9, -10.2], "size": [7, 10, 4], "uv": [0, 113]}
					]
				},
				{
					"name": "backClawL_1",
					"parent": "backPawL",
					"pivot": [-8.1, 25.5, -9.9],
					"cubes": [
						{"origin": [-11.1, 25.5, -9.9], "size": [6, 3, 3], "uv": [89, 23]}
					]
				},
				{
					"name": "body",
					"pivot": [0, 26, -13],
					"cubes": [
						{"origin": [-9, 12, -13], "size": [18, 14, 31], "uv": [0, 0]}
					]
				},
				{
					"name": "sail",
					"parent": "body",
					"pivot": [0, 26, -13],
					"rotation": [-10, 0, 0],
					"cubes": [
						{"origin": [-0.5, 26, -13], "size": [1, 18, 32], "uv": [91, 43]}
					]
				},
				{
					"name": "neck",
					"parent": "body",
					"pivot": [0, 24.5, -7.5],
					"rotation": [-25, 0, 0],
					"cubes": [
						{"origin": [-5, 13.5, -17.5], "size": [10, 11, 10], "uv": [0, 45]}
					]
				},
				{
					"name": "head",
					"parent": "neck",
					"pivot": [0, 20, -13.5],
					"rotation": [25, 0, 0],
					"cubes": [
						{"origin": [-5.5, 14, -25.5], "size": [11, 12, 12], "uv": [40, 53]}
					]
				},
				{
					"name": "mouth",
					"parent": "head",
					"pivot": [0, 18, -24.5],
					"cubes": [
						{"origin": [-3.5, 14, -34.5], "size": [7, 4, 10], "uv": [125, 43]}
					]
				},
				{
					"name": "upperJaw",
					"parent": "head",
					"pivot": [0, 23, -22],
					"cubes": [
						{"origin": [-4.5, 18, -36], "size": [9, 5, 14], "uv": [0, 66]}
					]
				},
				{
					"name": "headPart1",
					"parent": "head",
					"pivot": [-4, 24, -26.5],
					"rotation": [21, -10, -40],
					"cubes": [
						{"origin": [-6.5, 23, -26.5], "size": [5, 3, 18], "uv": [28, 77]}
					]
				},
				{
					"name": "horn",
					"parent": "head",
					"pivot": [0, 25, -25],
					"rotation": [45, 0, 0],
					"cubes": [
						{"origin": [-1.5, 24, -26.5], "size": [3, 13, 3], "uv": [146, 18]}
					]
				},
				{
					"name": "headPart2",
					"parent": "head",
					"pivot": [4, 24, -26.5],
					"rotation": [21, 10, 40],
					"cubes": [
						{"origin": [1.5, 23, -26.5], "size": [5, 3, 18], "uv": [56, 80]}
					]
				},
				{
					"name": "leg1",
					"pivot": [8, 22.5, 15],
					"rotation": [60, 0, 0],
					"cubes": [
						{"origin": [5, 15.5, 2], "size": [6, 9, 13], "uv": [104, 21]}
					]
				},
				{
					"name": "lowerLegR",
					"parent": "leg1",
					"pivot": [7.9, 20.4, 2.3],
					"rotation": [50, 0, 0],
					"cubes": [
						{"origin": [4.9, 16.4, -7.7], "size": [6, 7, 13], "uv": [62, 102]}
					]
				},
				{
					"name": "backPawR",
					"parent": "lowerLegR",
					"pivot": [7.9, 17.9, -7.2],
					"rotation": [-20, 0, 0],
					"cubes": [
						{"origin": [4.4, 15.9, -10.2], "size": [7, 10, 4], "uv": [131, 106]}
					]
				},
				{
					"name": "backClawL",
					"parent": "backPawR",
					"pivot": [7.9, 25.5, -9.9],
					"cubes": [
						{"origin": [4.9, 25.5, -9.9], "size": [6, 3, 3], "uv": [140, 0]}
					]
				},
				{
					"name": "tail1",
					"pivot": [0, 25.5, 16],
					"rotation": [-41.74, 0, 0],
					"cubes": [
						{"origin": [-5, 17.5, 16], "size": [10, 8, 15], "uv": [67, 0]}
					]
				},
				{
					"name": "tail2",
					"parent": "tail1",
					"pivot": [0, 24.4, 29],
					"rotation": [18.26, 0, 0],
					"cubes": [
						{"origin": [-4, 18.4, 29], "size": [8, 6, 13], "uv": [89, 93]}
					]
				},
				{
					"name": "tail3",
					"parent": "tail2",
					"pivot": [0, 23.4, 40],
					"rotation": [15.65, 0, 0],
					"cubes": [
						{"origin": [-3, 19.4, 40], "size": [6, 4, 11], "uv": [125, 57]}
					]
				},
				{
					"name": "tail4",
					"parent": "tail3",
					"pivot": [0, 22.4, 49],
					"rotation": [13.04, 0, 0],
					"cubes": [
						{"origin": [-2, 20.4, 49], "size": [4, 2, 9], "uv": [0, 20]}
					]
				},
				{
					"name": "leg2",
					"pivot": [-8, 21, -10],
					"rotation": [19, 0, 0],
					"cubes": [
						{"origin": [-13, 9, -13], "size": [7, 12, 8], "uv": [118, 0]}
					]
				},
				{
					"name": "lowerArmL",
					"parent": "leg2",
					"pivot": [-6.1, 11.8, -8.1],
					"rotation": [-45, 0, 0],
					"cubes": [
						{"origin": [-13.1, -0.2, -10.1], "size": [7, 12, 6], "uv": [20, 98]}
					]
				},
				{
					"name": "pawL",
					"parent": "lowerArmL",
					"pivot": [-9.6, 0.9, -2.6],
					"rotation": [-65, 0, 0],
					"cubes": [
						{"origin": [-14.1, -8.1, -5.6], "size": [9, 9, 4], "uv": [48, 101]}
					]
				},
				{
					"name": "clawsL",
					"parent": "pawL",
					"pivot": [-8.6, -8.1, -0.9],
					"cubes": [
						{"origin": [-13.6, -11.1, -3.9], "size": [8, 3, 2], "uv": [67, 23]}
					]
				},
				{
					"name": "leg3",
					"pivot": [8, 21, -10],
					"rotation": [19, 0, 0],
					"cubes": [
						{"origin": [6, 9, -13], "size": [7, 12, 8], "uv": [0, 0]}
					]
				},
				{
					"name": "lowerArmR",
					"parent": "leg3",
					"pivot": [6.1, 11.8, -8.1],
					"rotation": [-45, 0, 0],
					"cubes": [
						{"origin": [6.1, -0.2, -10.1], "size": [7, 12, 6], "uv": [0, 85]}
					]
				},
				{
					"name": "pawR",
					"parent": "lowerArmR",
					"pivot": [9.6, 0.9, -2.6],
					"rotation": [-65, 0, 0],
					"cubes": [
						{"origin": [5.1, -8.1, -5.6], "size": [9, 9, 4], "uv": [118, 93]}
					]
				},
				{
					"name": "clawsR",
					"parent": "pawR",
					"pivot": [10.6, -8.1, -0.9],
					"cubes": [
						{"origin": [5.6, -11.1, -3.9], "size": [8, 3, 2], "uv": [102, 0]}
					]
				}
			]
		}
	]
}