{
	"format_version": "1.12.0",
	"minecraft:geometry": [
		{
			"description": {
				"identifier": "geometry.cavern_tick",
				"texture_width": 32,
				"texture_height": 24,
				"visible_bounds_width": 2,
				"visible_bounds_height": 1.5,
				"visible_bounds_offset": [0, 0.25, 0]
			},
			"bones": [
				{
					"name": "bodyPart_2",
					"pivot": [0, 4, -3],
					"cubes": [
						{"origin": [-2.5, 0, -3], "size": [5, 4, 7], "uv": [0, 0]}
					]
				},
				{
					"name": "spike1",
					"parent": "bodyPart_2",
					"pivot": [0, 4, -1.5],
					"rotation": [45, 0, 0],
					"cubes": [
						{"origin": [-1, 3, -1.5], "size": [2, 1, 5], "uv": [0, 11]}
					]
				},
				{
					"name": "spike3",
					"parent": "bodyPart_2",
					"pivot": [-1.5, 3.5, -1],
					"rotation": [45, -30, -35],
					"cubes": [
						{"origin": [-2.5, 2.5, -1], "size": [2, 1, 5], "uv": [0, 17]}
					]
				},
				{
					"name": "spike2",
					"parent": "bodyPart_2",
					"pivot": [1.5, 3.5, -1],
					"rotation": [45, 30, 35],
					"cubes": [
						{"origin": [0.5, 2.5, -1], "size": [2, 1, 5], "uv": [14, 11]}
					]
				},
				{
					"name": "head",
					"parent": "bodyPart_2",
					"pivot": [0, 1, -3],
					"cubes": [
						{"origin": [-2, 0, -5], "size": [4, 3, 2], "uv": [17, 0]}
					]
				},
				{
					"name": "horn",
					"parent": "head",
					"pivot": [0, 2.5, -4],
					"rotation": [-45, 0, 0],
					"cubes": [
						{"origin": [-0.5, 1.5, -7], "size": [1, 1, 3], "uv": [23, 8]}
					]
				}
			]
		}
	]
}