{
	"format_version": "1.12.0",
	"minecraft:geometry": [
		{
			"description": {
				"identifier": "geometry.contorted_naga",
				"texture_width": 128,
				"texture_height": 64,
				"visible_bounds_width": 5,
				"visible_bounds_height": 4.5,
				"visible_bounds_offset": [0, 1.75, 0]
			},
			"bones": [
				{
					"name": "bodyTop",
					"pivot": [0, 32, -8],
					"rotation": [21, 0, 0],
					"cubes": [
						{"origin": [-9.5, 22, -8], "size": [19, 10, 8], "uv": [0, 0]}
					]
				},
				{
					"name": "bodyTorso",
					"parent": "bodyTop",
					"pivot": [0, 23, -6.1],
					"rotation": [-10, 0, 0],
					"cubes": [
						{"origin": [-5.5, 10, -6.1], "size": [11, 13, 6], "uv": [54, 0]}
					]
				},
				{
					"name": "bodyLower",
					"parent": "bodyTorso",
					"pivot": [0, 12, -5],
					"rotation": [-20, 0, 0],
					"cubes": [
						{"origin": [-4, -1, -5], "size": [8, 13, 5], "uv": [12, 18]}
					]
				},
				{
					"name": "rightLeg",
					"parent": "bodyLower",
					"pivot": [0, 0.2, -4.6],
					"rotation": [0, 9, -91],
					"cubes": [
						{"origin": [-3.50776, -1.85531, -4.59565], "size": [7, 5, 12], "pivot": [-0.00776, -0.05531, 0.00435], "rotation": [0, 0, 90], "uv": [38, 19]}
					]
				},
				{
					"name": "leftLeg",
					"parent": "rightLeg",
					"pivot": [-0.00776, 0.14469, 7.40435],
					"rotation": [0, 0, -180],
					"cubes": [
						{"origin": [-2.50776, -1.85531, 7.40435], "size": [5, 4, 10], "pivot": [-0.00776, -0.05531, 0.00435], "rotation": [0, 0, -90], "uv": [94, 18]}
					]
				},
				{
					"name": "miniTendril1",
					"parent": "bodyTop",
					"pivot": [7, 29.1, -2.5],
					"rotation": [-8, 0, -52],
					"cubes": [
						{"origin": [7, 21.1, -3.8], "size": [3, 8, 3], "uv": [0, 18]}
					]
				},
				{
					"name": "miniTendril2",
					"parent": "miniTendril1",
					"pivot": [8.6, 22.1, -2.3],
					"rotation": [0, 0, 35],
					"cubes": [
						{"origin": [7.6, 15.1, -3.3], "size": [2, 7, 2], "uv": [0, 37]}
					]
				},
				{
					"name": "miniTendril3",
					"parent": "miniTendril2",
					"pivot": [8.6, 15.4, -2.3],
					"rotation": [0, 0, -26],
					"cubes": [
						{"origin": [8.1, 9.4, -2.8], "size": [1, 6, 1], "uv": [46, 0]}
					]
				},
				{
					"name": "tendril1",
					"parent": "bodyTop",
					"pivot": [9, 31, -6],
					"rotation": [-14.7, 0, -11],
					"cubes": [
						{"origin": [7, 19, -8], "size": [4, 12, 4], "uv": [88, 8]}
					]
				},
				{
					"name": "tendril2",
					"parent": "tendril1",
					"pivot": [8.7, 19.5, -7.9],
					"rotation": [52, 0, 18],
					"cubes": [
						{"origin": [7.2, 8.5, -7.9], "size": [3, 11, 3], "uv": [110, 32]}
					]
				},
				{
					"name": "tendril3",
					"parent": "tendril2",
					"pivot": [8.7, 10, -6.9],
					"rotation": [-41, 0, -18],
					"cubes": [
						{"origin": [7.7, 0, -6.9], "size": [2, 10, 2], "uv": [14, 36]}
					]
				},
				{
					"name": "neck",
					"parent": "bodyTop",
					"pivot": [0, 32, -2.7],
					"rotation": [15, 0, 0],
					"cubes": [
						{"origin": [-3, 32, -7.7], "size": [6, 5, 5], "uv": [104, 8]}
					]
				},
				{
					"name": "head",
					"parent": "neck",
					"pivot": [0, 37, -2.7],
					"rotation": [-18, 0, 0],
					"cubes": [
						{"origin": [-3.5, 34, -9.8], "size": [7, 7, 7], "uv": [22, 36]}
					]
				},
				{
					"name": "browL",
					"parent": "head",
					"pivot": [-3.9, 39.4, -8.7],
					"rotation": [10, 0, 0],
					"cubes": [
						{"origin": [-4.4, 37.4, -8.7], "size": [1, 2, 5], "uv": [114, 18]}
					]
				},
				{
					"name": "browR",
					"parent": "head",
					"pivot": [3.9, 39.4, -8.7],
					"rotation": [10, 0, 0],
					"cubes": [
						{"origin": [3.4, 37.4, -8.7], "size": [1, 2, 5], "uv": [38, 22]}
					]
				},
				{
					"name": "lowerJaw",
					"parent": "head",
					"pivot": [0, 37, -9.7],
					"rotation": [8.59437, 0, 0],
					"cubes": [
						{"origin": [-3, 34, -16.7], "size": [6, 3, 7], "uv": [50, 37]}
					]
				},
				{
					"name": "tooth1",
					"parent": "lowerJaw",
					"pivot": [-2.7, 36.4, -15.2],
					"rotation": [0, 0, -16],
					"cubes": [
						{"origin": [-3.2, 36.4, -15.7], "size": [1, 4, 1], "uv": [0, 0]}
					]
				},
				{
					"name": "tooth2",
					"parent": "lowerJaw",
					"pivot": [2.7, 36.4, -14.2],
					"rotation": [0, 0, 7],
					"cubes": [
						{"origin": [2.2, 36.4, -14.7], "size": [1, 3, 1], "uv": [4, 0]}
					]
				},
				{
					"name": "upperJaw",
					"parent": "head",
					"pivot": [0, 37, -9.7],
					"cubes": [
						{"origin": [-2.5, 37, -15.7], "size": [5, 3, 6], "uv": [70, 44]}
					]
				},
				{
					"name": "rightArm",
					"parent": "bodyTop",
					"pivot": [-7.1, 29.5, -2.3],
					"rotation": [0.94041, -18, -45],
					"cubes": [
						{"origin": [-21.1, 28, -4.8], "size": [14, 4, 4], "uv": [88, 0]}
					]
				},
				{
					"name": "lowerArmL",
					"parent": "rightArm",
					"pivot": [-17.5, 29.5, -2.3],
					"rotation": [0, -26.09, -46.48],
					"cubes": [
						{"origin": [-31.5, 28.5, -5.2], "size": [14, 6, 6], "uv": [70, 32]}
					]
				},
				{
					"name": "decal2",
					"parent": "lowerArmL",
					"pivot": [-19.8, 34.5, -2.3],
					"rotation": [52, 50, 0],
					"cubes": [
						{"origin": [-20.8, 33.5, -2.3], "size": [1, 1, 7], "uv": [0, 29]}
					]
				},
				{
					"name": "decal1",
					"parent": "lowerArmL",
					"pivot": [-18, 34.3, -2.3],
					"rotation": [14, 57, 0],
					"cubes": [
						{"origin": [-19, 33.3, -2.3], "size": [1, 1, 8], "uv": [72, 19]}
					]
				},
				{
					"name": "finger2",
					"parent": "lowerArmL",
					"pivot": [-31.1, 33, -4.3],
					"rotation": [0, 27, 0],
					"cubes": [
						{"origin": [-37.1, 32, -5.3], "size": [6, 2, 2], "uv": [64, 19]}
					]
				},
				{
					"name": "finger1",
					"parent": "lowerArmL",
					"pivot": [-31.1, 30, -4.3],
					"rotation": [0, 27, 0],
					"cubes": [
						{"origin": [-37.1, 29, -5.3], "size": [6, 2, 2], "uv": [33, 18]}
					]
				}
			]
		}
	]
}