{
	"format_version": "1.12.0",
	"minecraft:geometry": [
		{
			"description": {
				"identifier": "geometry.growth_extractor",
				"texture_width": 64,
				"texture_height": 64,
				"visible_bounds_width": 3,
				"visible_bounds_height": 2.5,
				"visible_bounds_offset": [0, 0.75, 0]
			},
			"bones": [
				{
					"name": "torso",
					"pivot": [0, 11, 5.6],
					"rotation": [15, 0, 0],
					"cubes": [
						{"origin": [-3.5, 11, 0.6], "size": [7, 9, 5], "uv": [36, 0]}
					]
				},
				{
					"name": "stomach",
					"pivot": [0, 11, 0],
					"cubes": [
						{"origin": [-5, 4, 0], "size": [10, 7, 6], "uv": [0, 10]}
					]
				},
				{
					"name": "neck",
					"pivot": [0, 21, -1.1],
					"rotation": [-46.96, 0, 0],
					"cubes": [
						{"origin": [-2, 19.5, -1.1], "size": [4, 3, 4], "uv": [20, 0]}
					]
				},
				{
					"name": "rightLeg",
					"pivot": [-3.4, 6, 2],
					"rotation": [15, 25, 0],
					"cubes": [
						{"origin": [-4.9, 4.5, -4], "size": [3, 3, 6], "uv": [44, 17]}
					]
				},
				{
					"name": "footL",
					"parent": "rightLeg",
					"pivot": [-3.4, 7.3, -3],
					"rotation": [-15, 0, 0],
					"cubes": [
						{"origin": [-5.4, 1.3, -5], "size": [4, 6, 4], "uv": [0, 35]}
					]
				},
				{
					"name": "head",
					"pivot": [0, 19, 0],
					"cubes": [
						{"origin": [-2.5, 18, -5], "size": [5, 5, 5], "uv": [0, 0]}
					]
				},
				{
					"name": "eyeR",
					"parent": "head",
					"pivot": [1.2, 21.1, -4],
					"cubes": [
						{"origin": [1.2, 19.6, -5.5], "size": [2, 3, 3], "uv": [10, 29]}
					]
				},
				{
					"name": "nozzleUp",
					"parent": "head",
					"pivot": [0, 19, -4.5],
					"rotation": [30, 0, 0],
					"cubes": [
						{"origin": [-1, 18, -8.5], "size": [2, 2, 4], "uv": [26, 10]}
					]
				},
				{
					"name": "nozzleLow",
					"parent": "nozzleUp",
					"pivot": [0, 19.5, -7.7],
					"rotation": [-35, 0, 0],
					"cubes": [
						{"origin": [-1, 15.5, -8.7], "size": [2, 4, 2], "uv": [20, 29]}
					]
				},
				{
					"name": "sapper",
					"parent": "nozzleLow",
					"pivot": [0, 15.9, -7.7],
					"cubes": [
						{"origin": [-2, 13.9, -9.7], "size": [4, 2, 4], "uv": [24, 32]}
					]
				},
				{
					"name": "eyeL",
					"parent": "head",
					"pivot": [-1.2, 21.1, -4],
					"cubes": [
						{"origin": [-3.2, 19.6, -5.5], "size": [2, 3, 3], "uv": [0, 29]}
					]
				},
				{
					"name": "leftLeg",
					"pivot": [3.4, 6, 2],
					"rotation": [15, -25, 0],
					"cubes": [
						{"origin": [1.9, 4.5, -4], "size": [3, 3, 6], "uv": [32, 14]}
					]
				},
				{
					"name": "footR",
					"parent": "leftLeg",
					"pivot": [3.4, 7.3, -3],
					"rotation": [-15, 0, 0],
					"cubes": [
						{"origin": [1.4, 1.3, -5], "size": [4, 6, 4], "uv": [40, 32]}
					]
				},
				{
					"name": "uparmUpperR_1",
					"pivot": [-3, 16.5, 2.1],
					"rotation": [0, 0, -5],
					"cubes": [
						{"origin": [-8, 15, 0.6], "size": [5, 3, 3], "uv": [16, 23]}
					]
				},
				{
					"name": "lowarmUpperR_1",
					"parent": "uparmUpperR_1",
					"pivot": [-9.5, 16.5, 3.6],
					"rotation": [-90, 0, 0],
					"cubes": [
						{"origin": [-11, 9.5, 2.1], "size": [3, 7, 3], "uv": [28, 38]}
					]
				},
				{
					"name": "uparmUpperR",
					"pivot": [3, 16.5, 2.1],
					"rotation": [0, 0, 5],
					"cubes": [
						{"origin": [3, 15, 0.6], "size": [5, 3, 3], "uv": [0, 23]}
					]
				},
				{
					"name": "lowarmUpperR",
					"parent": "uparmUpperR",
					"pivot": [9.5, 16.5, 3.6],
					"rotation": [-90, 0, 0],
					"cubes": [
						{"origin": [8, 9.5, 2.1], "size": [3, 7, 3], "uv": [16, 38]}
					]
				},
				{
					"name": "uparmUpperR_2",
					"pivot": [2.5, 11.5, 3.2],
					"rotation": [0, 0, 15],
					"cubes": [
						{"origin": [2.5, 10, 1.7], "size": [5, 3, 3], "uv": [29, 26]}
					]
				},
				{
					"name": "lowarmUpperR_2",
					"parent": "uparmUpperR_2",
					"pivot": [9, 11.5, 4.7],
					"rotation": [-90, 0, 0],
					"cubes": [
						{"origin": [7.5, 4.5, 3.2], "size": [3, 7, 3], "uv": [40, 42]}
					]
				},
				{
					"name": "uparmUpperR_3",
					"pivot": [-2.5, 11.5, 3.2],
					"rotation": [0, 0, -15],
					"cubes": [
						{"origin": [-7.5, 10, 1.7], "size": [5, 3, 3], "uv": [45, 26]}
					]
				},
				{
					"name": "lowarmUpperR_3",
					"parent": "uparmUpperR_3",
					"pivot": [-9, 11.5, 4.7],
					"rotation": [-90, 0, 0],
					"cubes": [
						{"origin": [-10.5, 4.5, 3.2], "size": [3, 7, 3], "uv": [0, 45]}
					]
				}
			]
		}
	]
}