{
	"format_version": "1.12.0",
	"minecraft:geometry": [
		{
			"description": {
				"identifier": "geometry.howlite_wolf",
				"texture_width": 64,
				"texture_height": 32,
				"visible_bounds_width": 4,
				"visible_bounds_height": 2.5,
				"visible_bounds_offset": [0, 0.75, 0]
			},
			"bones": [
				{
					"name": "head",
					"pivot": [0, 10.5, -7],
					"cubes": [
						{"origin": [-2.5, 7.5, -9], "size": [5, 6, 4], "uv": [28, 0]}
					]
				},
				{
					"name": "ear1",
					"parent": "head",
					"pivot": [2, 13, -7],
					"rotation": [0, 0, 7.83],
					"cubes": [
						{"origin": [1, 13, -7], "size": [2, 4, 1], "uv": [46, 0]}
					]
				},
				{
					"name": "ear2",
					"parent": "head",
					"pivot": [-2, 13, -7],
					"rotation": [0, 0, -7.83],
					"cubes": [
						{"origin": [-3, 13, -7], "size": [2, 4, 1], "uv": [52, 0]}
					]
				},
				{
					"name": "nose",
					"parent": "head",
					"pivot": [1.5, 9.7, -12],
					"cubes": [
						{"origin": [-1.5, 7.7, -12], "size": [3, 2, 4], "uv": [46, 5]}
					]
				},
				{
					"name": "leg0",
					"pivot": [2.5, 8, 7],
					"cubes": [
						{"origin": [0.5, 0, 6], "size": [2, 8, 2], "uv": [20, 10]}
					]
				},
				{
					"name": "cvxxcvbcxvb",
					"pivot": [1, 11, 6.5],
					"rotation": [74.84, 0, 0],
					"cubes": [
						{"origin": [-1, 4, 5.5], "size": [2, 7, 2], "uv": [44, 11]}
					]
				},
				{
					"name": "tail2",
					"parent": "cvxxcvbcxvb",
					"pivot": [1, 4, 5.5],
					"rotation": [39.06549, 0, 0],
					"cubes": [
						{"origin": [-1, -3, 5.5], "size": [2, 7, 2], "uv": [52, 11]}
					]
				},
				{
					"name": "leg2",
					"pivot": [-0.5, 8, -4],
					"cubes": [
						{"origin": [-2.5, 0, -5], "size": [2, 8, 2], "uv": [20, 0]}
					]
				},
				{
					"name": "leg1",
					"pivot": [-0.5, 8, 7],
					"cubes": [
						{"origin": [-2.5, 0, 6], "size": [2, 8, 2], "uv": [28, 10]}
					]
				},
				{
					"name": "leg3",
					"pivot": [2.5, 8, -4],
					"cubes": [
						{"origin": [0.5, 0, -5], "size": [2, 8, 2], "uv": [36, 10]}
					]
				},
				{
					"name": "body",
					"pivot": [-0.5, 10, -3],
					"rotation": [90, 0, 0],
					"cubes": [
						{"origin": [-2.5, 0, -6], "size": [5, 12, 5], "uv": [0, 0]}
					]
				}
			]
		}
	]
}