{
	"format_version": "1.12.0",
	"minecraft:geometry": [
		{
			"description": {
				"identifier": "geometry.malachite_guard",
				"texture_width": 128,
				"texture_height": 64,
				"visible_bounds_width": 3,
				"visible_bounds_height": 4.5,
				"visible_bounds_offset": [0, 1.75, 0]
			},
			"bones": [
				{
					"name": "body",
					"pivot": [0, 0, 0]
				},
				{
					"name": "arm0",
					"parent": "body",
					"pivot": [-6, 38.5, 0],
					"cubes": [
						{"origin": [-11, 38.5, -2], "size": [5, 2, 4], "uv": [66, 6]}
					]
				},
				{
					"name": "upperArmL",
					"parent": "arm0",
					"pivot": [-8.5, 38.5, 0],
					"rotation": [-74.48451, 5.72958, 0],
					"cubes": [
						{"origin": [-9.5, 30.5, -1], "size": [2, 8, 2], "uv": [0, 13]}
					]
				},
				{
					"name": "lowerArmL",
					"parent": "upperArmL",
					"pivot": [-8.5, 30.5, 0],
					"rotation": [-97.40282, -34.37747, 0],
					"cubes": [
						{"origin": [-10.5, 18.5, -2], "size": [4, 12, 4], "uv": [4, 19]}
					]
				},
				{
					"name": "waist",
					"parent": "body",
					"pivot": [0, 34, 0],
					"cubes": [
						{"origin": [-2, 29, -1], "size": [4, 5, 2], "uv": [58, 0]}
					]
				},
				{
					"name": "leg1",
					"parent": "body",
					"pivot": [4.5, 25, 0],
					"rotation": [-28.64789, -40.10704, 0],
					"cubes": [
						{"origin": [3, 15, -1.5], "size": [3, 10, 3], "uv": [0, 0]}
					]
				},
				{
					"name": "footR",
					"parent": "leg1",
					"pivot": [4.5, 15, 0],
					"rotation": [28.64789, 0, 0],
					"cubes": [
						{"origin": [2, 0, -2.5], "size": [5, 15, 5], "uv": [45, 9]}
					]
				},
				{
					"name": "hips",
					"parent": "body",
					"pivot": [0, 29, 0],
					"cubes": [
						{"origin": [-6, 25, -2.5], "size": [12, 4, 5], "uv": [24, 0]}
					]
				},
				{
					"name": "head",
					"parent": "body",
					"pivot": [0, 44, 0],
					"cubes": [
						{"origin": [-3.5, 44, -3.5], "size": [7, 7, 7], "uv": [17, 9]}
					]
				},
				{
					"name": "helmet",
					"parent": "head",
					"pivot": [0, 44, 0],
					"cubes": [
						{"origin": [-4, 44, -4], "size": [8, 8, 8], "uv": [20, 23]}
					]
				},
				{
					"name": "bladeL",
					"parent": "helmet",
					"pivot": [-4.1, 50, 0],
					"rotation": [-60, 0, 0],
					"cubes": [
						{"origin": [-4.1, 50, 0], "size": [0, 7, 4], "uv": [0, 35]}
					]
				},
				{
					"name": "bladeR",
					"parent": "helmet",
					"pivot": [4.1, 50, 0],
					"rotation": [-60, 0, 0],
					"cubes": [
						{"origin": [4.1, 50, 0], "size": [0, 7, 4], "uv": [8, 35]}
					]
				},
				{
					"name": "leg0",
					"parent": "body",
					"pivot": [-4.5, 25, 0],
					"rotation": [-28.64789, 40.10704, 0],
					"cubes": [
						{"origin": [-6, 15, -1.5], "size": [3, 10, 3], "uv": [12, 0]}
					]
				},
				{
					"name": "footL",
					"parent": "leg0",
					"pivot": [-4.5, 15, 0],
					"rotation": [28.64789, 0, 0],
					"cubes": [
						{"origin": [-7, 0, -2.5], "size": [5, 15, 5], "uv": [79, 11]}
					]
				},
				{
					"name": "torso",
					"parent": "body",
					"pivot": [0, 40, 0],
					"cubes": [
						{"origin": [-6, 34, -2.5], "size": [12, 6, 5], "uv": [88, 0]}
					]
				},
				{
					"name": "neck",
					"parent": "torso",
					"pivot": [0, 44, 0],
					"cubes": [
						{"origin": [-1.5, 40, -1], "size": [3, 4, 2], "uv": [65, 12]}
					]
				},
				{
					"name": "arm1",
					"parent": "body",
					"pivot": [6, 38.5, 0],
					"cubes": [
						{"origin": [6, 38.5, -2], "size": [5, 2, 4], "uv": [70, 0]}
					]
				},
				{
					"name": "upperArmR",
					"parent": "arm1",
					"pivot": [8.5, 38.5, 0],
					"rotation": [-74.48451, -5.72958, 0],
					"cubes": [
						{"origin": [7.5, 30.5, -1], "size": [2, 8, 2], "uv": [99, 11]}
					]
				},
				{
					"name": "lowerArmR",
					"parent": "upperArmR",
					"pivot": [8.5, 30.5, 0],
					"rotation": [-97.40282, 34.37747, 0],
					"cubes": [
						{"origin": [6.5, 18.5, -2], "size": [4, 12, 4], "uv": [107, 11]}
					]
				}
			]
		},
		{
			"description": {
				"identifier": "geometry.malachite_guard.armor",
				"texture_width": 128,
				"texture_height": 64,
				"visible_bounds_width": 3,
				"visible_bounds_height": 4.5,
				"visible_bounds_offset": [0, 1.75, 0]
			},
			"bones": [
				{
					"name": "body",
					"pivot": [0, 0, 0]
				},
				{
					"name": "arm0",
					"parent": "body",
					"pivot": [-6, 38.5, 0],
					"cubes": [
						{"origin": [-11, 38.5, -2], "size": [5, 2, 4], "inflate": 0.25, "uv": [66, 6]}
					]
				},
				{
					"name": "upperArmL",
					"parent": "arm0",
					"pivot": [-8.5, 38.5, 0],
					"rotation": [-74.48451, 5.72958, 0],
					"cubes": [
						{"origin": [-9.5, 30.5, -1], "size": [2, 8, 2], "inflate": 0.25, "uv": [0, 13]}
					]
				},
				{
					"name": "lowerArmL",
					"parent": "upperArmL",
					"pivot": [-8.5, 30.5, 0],
					"rotation": [-97.40282, -34.37747, 0],
					"cubes": [
						{"origin": [-10.5, 18.5, -2], "size": [4, 12, 4], "inflate": 0.25, "uv": [4, 19]}
					]
				},
				{
					"name": "waist",
					"parent": "body",
					"pivot": [0, 34, 0],
					"cubes": [
						{"origin": [-2, 29, -1], "size": [4, 5, 2], "inflate": 0.25, "uv": [58, 0]}
					]
				},
				{
					"name": "leg1",
					"parent": "body",
					"pivot": [4.5, 25, 0],
					"rotation": [-28.64789, -40.10704, 0],
					"cubes": [
						{"origin": [3, 15, -1.5], "size": [3, 10, 3], "inflate": 0.25, "uv": [0, 0]}
					]
				},
				{
					"name": "footR",
					"parent": "leg1",
					"pivot": [4.5, 15, 0],
					"rotation": [28.64789, 0, 0],
					"cubes": [
						{"origin": [2, 0, -2.5], "size": [5, 15, 5], "inflate": 0.25, "uv": [45, 9]}
					]
				},
				{
					"name": "hips",
					"parent": "body",
					"pivot": [0, 29, 0],
					"cubes": [
						{"origin": [-6, 25, -2.5], "size": [12, 4, 5], "inflate": 0.25, "uv": [24, 0]}
					]
				},
				{
					"name": "head",
					"parent": "body",
					"pivot": [0, 44, 0],
					"cubes": [
						{"origin": [-3.5, 44, -3.5], "size": [7, 7, 7], "inflate": 0.25, "uv": [17, 9]}
					]
				},
				{
					"name": "helmet",
					"parent": "head",
					"pivot": [0, 44, 0],
					"cubes": [
						{"origin": [-4, 44, -4], "size": [8, 8, 8], "inflate": 0.25, "uv": [20, 23]}
					]
				},
				{
					"name": "bladeL",
					"parent": "helmet",
					"pivot": [-4.1, 50, 0],
					"rotation": [-60, 0, 0],
					"cubes": [
						{"origin": [-4.1, 50, 0], "size": [0, 7, 4], "inflate": 0.25, "uv": [0, 35]}
					]
				},
				{
					"name": "bladeR",
					"parent": "helmet",
					"pivot": [4.1, 50, 0],
					"rotation": [-60, 0, 0],
					"cubes": [
						{"origin": [4.1, 50, 0], "size": [0, 7, 4], "inflate": 0.25, "uv": [8, 35]}
					]
				},
				{
					"name": "leg0",
					"parent": "body",
					"pivot": [-4.5, 25, 0],
					"rotation": [-28.64789, 40.10704, 0],
					"cubes": [
						{"origin": [-6, 15, -1.5], "size": [3, 10, 3], "inflate": 0.25, "uv": [12, 0]}
					]
				},
				{
					"name": "footL",
					"parent": "leg0",
					"pivot": [-4.5, 15, 0],
					"rotation": [28.64789, 0, 0],
					"cubes": [
						{"origin": [-7, 0, -2.5], "size": [5, 15, 5], "inflate": 0.25, "uv": [79, 11]}
					]
				},
				{
					"name": "torso",
					"parent": "body",
					"pivot": [0, 40, 0],
					"cubes": [
						{"origin": [-6, 34, -2.5], "size": [12, 6, 5], "inflate": 0.25, "uv": [88, 0]}
					]
				},
				{
					"name": "neck",
					"parent": "torso",
					"pivot": [0, 44, 0],
					"cubes": [
						{"origin": [-1.5, 40, -1], "size": [3, 4, 2], "inflate": 0.25, "uv": [65, 12]}
					]
				},
				{
					"name": "arm1",
					"parent": "body",
					"pivot": [6, 38.5, 0],
					"cubes": [
						{"origin": [6, 38.5, -2], "size": [5, 2, 4], "inflate": 0.25, "uv": [70, 0]}
					]
				},
				{
					"name": "upperArmR",
					"parent": "arm1",
					"pivot": [8.5, 38.5, 0],
					"rotation": [-74.48451, -5.72958, 0],
					"cubes": [
						{"origin": [7.5, 30.5, -1], "size": [2, 8, 2], "inflate": 0.25, "uv": [99, 11]}
					]
				},
				{
					"name": "lowerArmR",
					"parent": "upperArmR",
					"pivot": [8.5, 30.5, 0],
					"rotation": [-97.40282, 34.37747, 0],
					"cubes": [
						{"origin": [6.5, 18.5, -2], "size": [4, 12, 4], "inflate": 0.25, "uv": [107, 11]}
					]
				}
			]
		}
	]
}