{
	"format_version": "1.12.0",
	"minecraft:geometry": [
		{
			"description": {
				"identifier": "geometry.arrow_img",
				"texture_width": 32,
				"texture_height": 32,
				"visible_bounds_width": 4,
				"visible_bounds_height": 2.5,
				"visible_bounds_offset": [0, 0.75, 0]
			},
			"bones": [
				{
					"name": "arrow_img",
					"pivot": [5, 2, -3],
					"cubes": [
						{
							"origin": [0, -7.3, 10.8],
							"size": [1, 2, 2],
							"pivot": [5, 2, -3],
							"rotation": [45, 0, 0],
							"uv": {
								"north": {"uv": [6, 28], "uv_size": [2, 2]},
								"east": {"uv": [6, 28], "uv_size": [2, 2]},
								"south": {"uv": [6, 28], "uv_size": [2, 2]},
								"west": {"uv": [6, 28], "uv_size": [2, 2]},
								"up": {"uv": [8, 30], "uv_size": [-2, -2]},
								"down": {"uv": [8, 30], "uv_size": [-2, -2]}
							}
						},
						{
							"origin": [0, -7.3, 8.8],
							"size": [1, 2, 2],
							"pivot": [5, 2, -3],
							"rotation": [45, 0, 0],
							"uv": {
								"north": {"uv": [6, 26], "uv_size": [2, 2]},
								"east": {"uv": [6, 26], "uv_size": [2, 2]},
								"south": {"uv": [6, 26], "uv_size": [2, 2]},
								"west": {"uv": [6, 26], "uv_size": [2, 2]},
								"up": {"uv": [8, 28], "uv_size": [-2, -2]},
								"down": {"uv": [8, 28], "uv_size": [-2, -2]}
							}
						},
						{
							"origin": [0, -9.3, 6.8],
							"size": [1, 2, 2],
							"pivot": [5, 2, -3],
							"rotation": [45, 0, 0],
							"uv": {
								"north": {"uv": [4, 24], "uv_size": [2, 2]},
								"east": {"uv": [4, 24], "uv_size": [2, 2]},
								"south": {"uv": [4, 24], "uv_size": [2, 2]},
								"west": {"uv": [4, 24], "uv_size": [2, 2]},
								"up": {"uv": [6, 26], "uv_size": [-2, -2]},
								"down": {"uv": [6, 26], "uv_size": [-2, -2]}
							}
						},
						{
							"origin": [0, -7.3, 4.8],
							"size": [1, 2, 2],
							"pivot": [5, 2, -3],
							"rotation": [45, 0, 0],
							"uv": {
								"north": {"uv": [6, 22], "uv_size": [2, 2]},
								"east": {"uv": [6, 22], "uv_size": [2, 2]},
								"south": {"uv": [6, 22], "uv_size": [2, 2]},
								"west": {"uv": [6, 22], "uv_size": [2, 2]},
								"up": {"uv": [8, 24], "uv_size": [-2, -2]},
								"down": {"uv": [8, 24], "uv_size": [-2, -2]}
							}
						},
						{
							"origin": [0, -5.3, 6.8],
							"size": [1, 2, 2],
							"pivot": [5, 2, -3],
							"rotation": [45, 0, 0],
							"uv": {
								"north": {"uv": [8, 24], "uv_size": [2, 2]},
								"east": {"uv": [8, 24], "uv_size": [2, 2]},
								"south": {"uv": [8, 24], "uv_size": [2, 2]},
								"west": {"uv": [8, 24], "uv_size": [2, 2]},
								"up": {"uv": [10, 26], "uv_size": [-2, -2]},
								"down": {"uv": [10, 26], "uv_size": [-2, -2]}
							}
						},
						{
							"origin": [0, -7.3, 6.8],
							"size": [1, 2, 2],
							"pivot": [5, 2, -3],
							"rotation": [45, 0, 0],
							"uv": {
								"north": {"uv": [6, 24], "uv_size": [2, 2]},
								"east": {"uv": [6, 24], "uv_size": [2, 2]},
								"south": {"uv": [6, 24], "uv_size": [2, 2]},
								"west": {"uv": [6, 24], "uv_size": [2, 2]},
								"up": {"uv": [8, 26], "uv_size": [-2, -2]},
								"down": {"uv": [8, 26], "uv_size": [-2, -2]}
							}
						},
						{
							"origin": [0, -5.3, 4.8],
							"size": [1, 2, 2],
							"pivot": [5, 2, -3],
							"rotation": [45, 0, 0],
							"uv": {
								"north": {"uv": [8, 22], "uv_size": [2, 2]},
								"east": {"uv": [8, 22], "uv_size": [2, 2]},
								"south": {"uv": [8, 22], "uv_size": [2, 2]},
								"west": {"uv": [8, 22], "uv_size": [2, 2]},
								"up": {"uv": [10, 24], "uv_size": [-2, -2]},
								"down": {"uv": [10, 24], "uv_size": [-2, -2]}
							}
						},
						{
							"origin": [0, -7.3, 2.8],
							"size": [1, 2, 2],
							"pivot": [5, 2, -3],
							"rotation": [45, 0, 0],
							"uv": {
								"north": {"uv": [6, 20], "uv_size": [2, 2]},
								"east": {"uv": [6, 20], "uv_size": [2, 2]},
								"south": {"uv": [6, 20], "uv_size": [2, 2]},
								"west": {"uv": [6, 20], "uv_size": [2, 2]},
								"up": {"uv": [8, 22], "uv_size": [-2, -2]},
								"down": {"uv": [8, 22], "uv_size": [-2, -2]}
							}
						},
						{
							"origin": [0, -5.3, 0.8],
							"size": [1, 2, 2],
							"pivot": [5, 2, -3],
							"rotation": [45, 0, 0],
							"uv": {
								"north": {"uv": [8, 18], "uv_size": [2, 2]},
								"east": {"uv": [8, 18], "uv_size": [2, 2]},
								"south": {"uv": [8, 18], "uv_size": [2, 2]},
								"west": {"uv": [8, 18], "uv_size": [2, 2]},
								"up": {"uv": [10, 20], "uv_size": [-2, -2]},
								"down": {"uv": [10, 20], "uv_size": [-2, -2]}
							}
						},
						{
							"origin": [0, -5.3, 2.8],
							"size": [1, 2, 2],
							"pivot": [5, 2, -3],
							"rotation": [45, 0, 0],
							"uv": {
								"north": {"uv": [8, 20], "uv_size": [2, 2]},
								"east": {"uv": [8, 20], "uv_size": [2, 2]},
								"south": {"uv": [8, 20], "uv_size": [2, 2]},
								"west": {"uv": [8, 20], "uv_size": [2, 2]},
								"up": {"uv": [10, 22], "uv_size": [-2, -2]},
								"down": {"uv": [10, 22], "uv_size": [-2, -2]}
							}
						},
						{
							"origin": [0, -3.3, 0.8],
							"size": [1, 2, 2],
							"pivot": [5, 2, -3],
							"rotation": [45, 0, 0],
							"uv": {
								"north": {"uv": [10, 18], "uv_size": [2, 2]},
								"east": {"uv": [10, 18], "uv_size": [2, 2]},
								"south": {"uv": [10, 18], "uv_size": [2, 2]},
								"west": {"uv": [10, 18], "uv_size": [2, 2]},
								"up": {"uv": [12, 20], "uv_size": [-2, -2]},
								"down": {"uv": [12, 20], "uv_size": [-2, -2]}
							}
						},
						{
							"origin": [0, -3.3, -1.2],
							"size": [1, 2, 2],
							"pivot": [5, 2, -3],
							"rotation": [45, 0, 0],
							"uv": {
								"north": {"uv": [10, 16], "uv_size": [2, 2]},
								"east": {"uv": [10, 16], "uv_size": [2, 2]},
								"south": {"uv": [10, 16], "uv_size": [2, 2]},
								"west": {"uv": [10, 16], "uv_size": [2, 2]},
								"up": {"uv": [12, 18], "uv_size": [-2, -2]},
								"down": {"uv": [12, 18], "uv_size": [-2, -2]}
							}
						},
						{
							"origin": [0, -1.3, -3.2],
							"size": [1, 2, 2],
							"pivot": [5, 2, -3],
							"rotation": [45, 0, 0],
							"uv": {
								"north": {"uv": [12, 14], "uv_size": [2, 2]},
								"east": {"uv": [12, 14], "uv_size": [2, 2]},
								"south": {"uv": [12, 14], "uv_size": [2, 2]},
								"west": {"uv": [12, 14], "uv_size": [2, 2]},
								"up": {"uv": [14, 16], "uv_size": [-2, -2]},
								"down": {"uv": [14, 16], "uv_size": [-2, -2]}
							}
						},
						{
							"origin": [0, 0.7, -5.2],
							"size": [1, 2, 2],
							"pivot": [5, 2, -3],
							"rotation": [45, 0, 0],
							"uv": {
								"north": {"uv": [14, 12], "uv_size": [2, 2]},
								"east": {"uv": [14, 12], "uv_size": [2, 2]},
								"south": {"uv": [14, 12], "uv_size": [2, 2]},
								"west": {"uv": [14, 12], "uv_size": [2, 2]},
								"up": {"uv": [16, 14], "uv_size": [-2, -2]},
								"down": {"uv": [16, 14], "uv_size": [-2, -2]}
							}
						},
						{
							"origin": [0, -5.3, 8.8],
							"size": [1, 2, 2],
							"pivot": [5, 2, -3],
							"rotation": [45, 0, 0],
							"uv": {
								"north": {"uv": [8, 26], "uv_size": [2, 2]},
								"east": {"uv": [8, 26], "uv_size": [2, 2]},
								"south": {"uv": [8, 26], "uv_size": [2, 2]},
								"west": {"uv": [8, 26], "uv_size": [2, 2]},
								"up": {"uv": [10, 28], "uv_size": [-2, -2]},
								"down": {"uv": [10, 28], "uv_size": [-2, -2]}
							}
						},
						{
							"origin": [0, -3.3, 6.8],
							"size": [1, 2, 2],
							"pivot": [5, 2, -3],
							"rotation": [45, 0, 0],
							"uv": {
								"north": {"uv": [10, 24], "uv_size": [2, 2]},
								"east": {"uv": [10, 24], "uv_size": [2, 2]},
								"south": {"uv": [10, 24], "uv_size": [2, 2]},
								"west": {"uv": [10, 24], "uv_size": [2, 2]},
								"up": {"uv": [12, 26], "uv_size": [-2, -2]},
								"down": {"uv": [12, 26], "uv_size": [-2, -2]}
							}
						},
						{
							"origin": [0, -3.3, 4.8],
							"size": [1, 2, 2],
							"pivot": [5, 2, -3],
							"rotation": [45, 0, 0],
							"uv": {
								"north": {"uv": [10, 22], "uv_size": [2, 2]},
								"east": {"uv": [10, 22], "uv_size": [2, 2]},
								"south": {"uv": [10, 22], "uv_size": [2, 2]},
								"west": {"uv": [10, 22], "uv_size": [2, 2]},
								"up": {"uv": [12, 24], "uv_size": [-2, -2]},
								"down": {"uv": [12, 24], "uv_size": [-2, -2]}
							}
						},
						{
							"origin": [0, -3.3, 2.8],
							"size": [1, 2, 2],
							"pivot": [5, 2, -3],
							"rotation": [45, 0, 0],
							"uv": {
								"north": {"uv": [10, 20], "uv_size": [2, 2]},
								"east": {"uv": [10, 20], "uv_size": [2, 2]},
								"south": {"uv": [10, 20], "uv_size": [2, 2]},
								"west": {"uv": [10, 20], "uv_size": [2, 2]},
								"up": {"uv": [12, 22], "uv_size": [-2, -2]},
								"down": {"uv": [12, 22], "uv_size": [-2, -2]}
							}
						},
						{
							"origin": [0, -1.3, 0.8],
							"size": [1, 2, 2],
							"pivot": [5, 2, -3],
							"rotation": [45, 0, 0],
							"uv": {
								"north": {"uv": [12, 18], "uv_size": [2, 2]},
								"east": {"uv": [12, 18], "uv_size": [2, 2]},
								"south": {"uv": [12, 18], "uv_size": [2, 2]},
								"west": {"uv": [12, 18], "uv_size": [2, 2]},
								"up": {"uv": [14, 20], "uv_size": [-2, -2]},
								"down": {"uv": [14, 20], "uv_size": [-2, -2]}
							}
						},
						{
							"origin": [0, -1.3, -1.2],
							"size": [1, 2, 2],
							"pivot": [5, 2, -3],
							"rotation": [45, 0, 0],
							"uv": {
								"north": {"uv": [12, 16], "uv_size": [2, 2]},
								"east": {"uv": [12, 16], "uv_size": [2, 2]},
								"south": {"uv": [12, 16], "uv_size": [2, 2]},
								"west": {"uv": [12, 16], "uv_size": [2, 2]},
								"up": {"uv": [14, 18], "uv_size": [-2, -2]},
								"down": {"uv": [14, 18], "uv_size": [-2, -2]}
							}
						},
						{
							"origin": [0, 0.7, -3.2],
							"size": [1, 2, 2],
							"pivot": [5, 2, -3],
							"rotation": [45, 0, 0],
							"uv": {
								"north": {"uv": [12, 16], "uv_size": [2, 2]},
								"east": {"uv": [12, 16], "uv_size": [2, 2]},
								"south": {"uv": [12, 16], "uv_size": [2, 2]},
								"west": {"uv": [12, 16], "uv_size": [2, 2]},
								"up": {"uv": [14, 18], "uv_size": [-2, -2]},
								"down": {"uv": [14, 18], "uv_size": [-2, -2]}
							}
						},
						{
							"origin": [0, 0.7, -1.2],
							"size": [1, 2, 2],
							"pivot": [5, 2, -3],
							"rotation": [45, 0, 0],
							"uv": {
								"north": {"uv": [12, 18], "uv_size": [2, 2]},
								"east": {"uv": [12, 18], "uv_size": [2, 2]},
								"south": {"uv": [12, 18], "uv_size": [2, 2]},
								"west": {"uv": [12, 18], "uv_size": [2, 2]},
								"up": {"uv": [14, 20], "uv_size": [-2, -2]},
								"down": {"uv": [14, 20], "uv_size": [-2, -2]}
							}
						},
						{
							"origin": [0, 2.7, -3.2],
							"size": [1, 2, 2],
							"pivot": [5, 2, -3],
							"rotation": [45, 0, 0],
							"uv": {
								"north": {"uv": [12, 18], "uv_size": [2, 2]},
								"east": {"uv": [12, 18], "uv_size": [2, 2]},
								"south": {"uv": [12, 18], "uv_size": [2, 2]},
								"west": {"uv": [12, 18], "uv_size": [2, 2]},
								"up": {"uv": [14, 20], "uv_size": [-2, -2]},
								"down": {"uv": [14, 20], "uv_size": [-2, -2]}
							}
						},
						{
							"origin": [0, 4.7, -5.2],
							"size": [1, 2, 2],
							"pivot": [5, 2, -3],
							"rotation": [45, 0, 0],
							"uv": {
								"north": {"uv": [18, 12], "uv_size": [2, 2]},
								"east": {"uv": [18, 12], "uv_size": [2, 2]},
								"south": {"uv": [18, 12], "uv_size": [2, 2]},
								"west": {"uv": [18, 12], "uv_size": [2, 2]},
								"up": {"uv": [20, 14], "uv_size": [-2, -2]},
								"down": {"uv": [20, 14], "uv_size": [-2, -2]}
							}
						},
						{
							"origin": [0, 4.7, -7.2],
							"size": [1, 2, 2],
							"pivot": [5, 2, -3],
							"rotation": [45, 0, 0],
							"uv": {
								"north": {"uv": [18, 10], "uv_size": [2, 2]},
								"east": {"uv": [18, 10], "uv_size": [2, 2]},
								"south": {"uv": [18, 10], "uv_size": [2, 2]},
								"west": {"uv": [18, 10], "uv_size": [2, 2]},
								"up": {"uv": [20, 12], "uv_size": [-2, -2]},
								"down": {"uv": [20, 12], "uv_size": [-2, -2]}
							}
						},
						{
							"origin": [0, 4.7, -9.2],
							"size": [1, 2, 2],
							"pivot": [5, 2, -3],
							"rotation": [45, 0, 0],
							"uv": {
								"north": {"uv": [18, 8], "uv_size": [2, 2]},
								"east": {"uv": [18, 8], "uv_size": [2, 2]},
								"south": {"uv": [18, 8], "uv_size": [2, 2]},
								"west": {"uv": [18, 8], "uv_size": [2, 2]},
								"up": {"uv": [20, 10], "uv_size": [-2, -2]},
								"down": {"uv": [20, 10], "uv_size": [-2, -2]}
							}
						},
						{
							"origin": [0, 6.7, -11.2],
							"size": [1, 2, 2],
							"pivot": [5, 2, -3],
							"rotation": [45, 0, 0],
							"uv": {
								"north": {"uv": [20, 6], "uv_size": [2, 2]},
								"east": {"uv": [20, 6], "uv_size": [2, 2]},
								"south": {"uv": [20, 6], "uv_size": [2, 2]},
								"west": {"uv": [20, 6], "uv_size": [2, 2]},
								"up": {"uv": [22, 8], "uv_size": [-2, -2]},
								"down": {"uv": [22, 8], "uv_size": [-2, -2]}
							}
						},
						{
							"origin": [0, 8.7, -11.2],
							"size": [1, 2, 2],
							"pivot": [5, 2, -3],
							"rotation": [45, 0, 0],
							"uv": {
								"north": {"uv": [22, 6], "uv_size": [2, 2]},
								"east": {"uv": [22, 6], "uv_size": [2, 2]},
								"south": {"uv": [22, 6], "uv_size": [2, 2]},
								"west": {"uv": [22, 6], "uv_size": [2, 2]},
								"up": {"uv": [24, 8], "uv_size": [-2, -2]},
								"down": {"uv": [24, 8], "uv_size": [-2, -2]}
							}
						},
						{
							"origin": [0, 10.7, -13.2],
							"size": [1, 2, 2],
							"pivot": [5, 2, -3],
							"rotation": [45, 0, 0],
							"uv": {
								"north": {"uv": [24, 4], "uv_size": [2, 2]},
								"east": {"uv": [24, 4], "uv_size": [2, 2]},
								"south": {"uv": [24, 4], "uv_size": [2, 2]},
								"west": {"uv": [24, 4], "uv_size": [2, 2]},
								"up": {"uv": [26, 6], "uv_size": [-2, -2]},
								"down": {"uv": [26, 6], "uv_size": [-2, -2]}
							}
						},
						{
							"origin": [0, 10.7, -9.2],
							"size": [1, 2, 2],
							"pivot": [5, 2, -3],
							"rotation": [45, 0, 0],
							"uv": {
								"north": {"uv": [24, 8], "uv_size": [2, 2]},
								"east": {"uv": [24, 8], "uv_size": [2, 2]},
								"south": {"uv": [24, 8], "uv_size": [2, 2]},
								"west": {"uv": [24, 8], "uv_size": [2, 2]},
								"up": {"uv": [26, 10], "uv_size": [-2, -2]},
								"down": {"uv": [26, 10], "uv_size": [-2, -2]}
							}
						},
						{
							"origin": [0, 10.7, -7.2],
							"size": [1, 2, 2],
							"pivot": [5, 2, -3],
							"rotation": [45, 0, 0],
							"uv": {
								"north": {"uv": [24, 10], "uv_size": [2, 2]},
								"east": {"uv": [24, 10], "uv_size": [2, 2]},
								"south": {"uv": [24, 10], "uv_size": [2, 2]},
								"west": {"uv": [24, 10], "uv_size": [2, 2]},
								"up": {"uv": [26, 12], "uv_size": [-2, -2]},
								"down": {"uv": [26, 12], "uv_size": [-2, -2]}
							}
						},
						{
							"origin": [0, 10.7, -5.2],
							"size": [1, 2, 2],
							"pivot": [5, 2, -3],
							"rotation": [45, 0, 0],
							"uv": {
								"north": {"uv": [24, 12], "uv_size": [2, 2]},
								"east": {"uv": [24, 12], "uv_size": [2, 2]},
								"south": {"uv": [24, 12], "uv_size": [2, 2]},
								"west": {"uv": [24, 12], "uv_size": [2, 2]},
								"up": {"uv": [26, 14], "uv_size": [-2, -2]},
								"down": {"uv": [26, 14], "uv_size": [-2, -2]}
							}
						},
						{
							"origin": [0, 8.7, -3.2],
							"size": [1, 2, 2],
							"pivot": [5, 2, -3],
							"rotation": [45, 0, 0],
							"uv": {
								"north": {"uv": [22, 14], "uv_size": [2, 2]},
								"east": {"uv": [22, 14], "uv_size": [2, 2]},
								"south": {"uv": [22, 14], "uv_size": [2, 2]},
								"west": {"uv": [22, 14], "uv_size": [2, 2]},
								"up": {"uv": [24, 16], "uv_size": [-2, -2]},
								"down": {"uv": [24, 16], "uv_size": [-2, -2]}
							}
						},
						{
							"origin": [0, 6.7, -3.2],
							"size": [1, 2, 2],
							"pivot": [5, 2, -3],
							"rotation": [45, 0, 0],
							"uv": {
								"north": {"uv": [20, 14], "uv_size": [2, 2]},
								"east": {"uv": [20, 14], "uv_size": [2, 2]},
								"south": {"uv": [20, 14], "uv_size": [2, 2]},
								"west": {"uv": [20, 14], "uv_size": [2, 2]},
								"up": {"uv": [22, 16], "uv_size": [-2, -2]},
								"down": {"uv": [22, 16], "uv_size": [-2, -2]}
							}
						},
						{
							"origin": [0, 6.7, -5.2],
							"size": [1, 2, 2],
							"pivot": [5, 2, -3],
							"rotation": [45, 0, 0],
							"uv": {
								"north": {"uv": [20, 12], "uv_size": [2, 2]},
								"east": {"uv": [20, 12], "uv_size": [2, 2]},
								"south": {"uv": [20, 12], "uv_size": [2, 2]},
								"west": {"uv": [20, 12], "uv_size": [2, 2]},
								"up": {"uv": [22, 14], "uv_size": [-2, -2]},
								"down": {"uv": [22, 14], "uv_size": [-2, -2]}
							}
						},
						{
							"origin": [0, 8.7, -5.2],
							"size": [1, 2, 2],
							"pivot": [5, 2, -3],
							"rotation": [45, 0, 0],
							"uv": {
								"north": {"uv": [22, 12], "uv_size": [2, 2]},
								"east": {"uv": [22, 12], "uv_size": [2, 2]},
								"south": {"uv": [22, 12], "uv_size": [2, 2]},
								"west": {"uv": [22, 12], "uv_size": [2, 2]},
								"up": {"uv": [24, 14], "uv_size": [-2, -2]},
								"down": {"uv": [24, 14], "uv_size": [-2, -2]}
							}
						},
						{
							"origin": [0, 8.7, -7.2],
							"size": [1, 2, 2],
							"pivot": [5, 2, -3],
							"rotation": [45, 0, 0],
							"uv": {
								"north": {"uv": [22, 10], "uv_size": [2, 2]},
								"east": {"uv": [22, 10], "uv_size": [2, 2]},
								"south": {"uv": [22, 10], "uv_size": [2, 2]},
								"west": {"uv": [22, 10], "uv_size": [2, 2]},
								"up": {"uv": [24, 12], "uv_size": [-2, -2]},
								"down": {"uv": [24, 12], "uv_size": [-2, -2]}
							}
						},
						{
							"origin": [0, 8.7, -9.2],
							"size": [1, 2, 2],
							"pivot": [5, 2, -3],
							"rotation": [45, 0, 0],
							"uv": {
								"north": {"uv": [22, 8], "uv_size": [2, 2]},
								"east": {"uv": [22, 8], "uv_size": [2, 2]},
								"south": {"uv": [22, 8], "uv_size": [2, 2]},
								"west": {"uv": [22, 8], "uv_size": [2, 2]},
								"up": {"uv": [24, 10], "uv_size": [-2, -2]},
								"down": {"uv": [24, 10], "uv_size": [-2, -2]}
							}
						},
						{
							"origin": [0, 6.7, -9.2],
							"size": [1, 2, 2],
							"pivot": [5, 2, -3],
							"rotation": [45, 0, 0],
							"uv": {
								"north": {"uv": [20, 8], "uv_size": [2, 2]},
								"east": {"uv": [20, 8], "uv_size": [2, 2]},
								"south": {"uv": [20, 8], "uv_size": [2, 2]},
								"west": {"uv": [20, 8], "uv_size": [2, 2]},
								"up": {"uv": [22, 10], "uv_size": [-2, -2]},
								"down": {"uv": [22, 10], "uv_size": [-2, -2]}
							}
						},
						{
							"origin": [0, 6.7, -7.2],
							"size": [1, 2, 2],
							"pivot": [5, 2, -3],
							"rotation": [45, 0, 0],
							"uv": {
								"north": {"uv": [20, 10], "uv_size": [2, 2]},
								"east": {"uv": [20, 10], "uv_size": [2, 2]},
								"south": {"uv": [20, 10], "uv_size": [2, 2]},
								"west": {"uv": [20, 10], "uv_size": [2, 2]},
								"up": {"uv": [22, 12], "uv_size": [-2, -2]},
								"down": {"uv": [22, 12], "uv_size": [-2, -2]}
							}
						},
						{
							"origin": [0, 2.7, -5.2],
							"size": [1, 2, 2],
							"pivot": [5, 2, -3],
							"rotation": [45, 0, 0],
							"uv": {
								"north": {"uv": [16, 12], "uv_size": [2, 2]},
								"east": {"uv": [16, 12], "uv_size": [2, 2]},
								"south": {"uv": [16, 12], "uv_size": [2, 2]},
								"west": {"uv": [16, 12], "uv_size": [2, 2]},
								"up": {"uv": [18, 14], "uv_size": [-2, -2]},
								"down": {"uv": [18, 14], "uv_size": [-2, -2]}
							}
						},
						{
							"origin": [0, 2.7, -7.2],
							"size": [1, 2, 2],
							"pivot": [5, 2, -3],
							"rotation": [45, 0, 0],
							"uv": {
								"north": {"uv": [16, 10], "uv_size": [2, 2]},
								"east": {"uv": [16, 10], "uv_size": [2, 2]},
								"south": {"uv": [16, 10], "uv_size": [2, 2]},
								"west": {"uv": [16, 10], "uv_size": [2, 2]},
								"up": {"uv": [18, 12], "uv_size": [-2, -2]},
								"down": {"uv": [18, 12], "uv_size": [-2, -2]}
							}
						},
						{
							"origin": [0, 2.7, -9.2],
							"size": [1, 2, 2],
							"pivot": [5, 2, -3],
							"rotation": [45, 0, 0],
							"uv": {
								"north": {"uv": [16, 8], "uv_size": [2, 2]},
								"east": {"uv": [16, 8], "uv_size": [2, 2]},
								"south": {"uv": [16, 8], "uv_size": [2, 2]},
								"west": {"uv": [16, 8], "uv_size": [2, 2]},
								"up": {"uv": [18, 10], "uv_size": [-2, -2]},
								"down": {"uv": [18, 10], "uv_size": [-2, -2]}
							}
						},
						{
							"origin": [0, 0.7, -9.2],
							"size": [1, 2, 2],
							"pivot": [5, 2, -3],
							"rotation": [45, 0, 0],
							"uv": {
								"north": {"uv": [14, 8], "uv_size": [2, 2]},
								"east": {"uv": [14, 8], "uv_size": [2, 2]},
								"south": {"uv": [14, 8], "uv_size": [2, 2]},
								"west": {"uv": [14, 8], "uv_size": [2, 2]},
								"up": {"uv": [16, 10], "uv_size": [-2, -2]},
								"down": {"uv": [16, 10], "uv_size": [-2, -2]}
							}
						},
						{
							"origin": [0, -1.3, -9.2],
							"size": [1, 2, 2],
							"pivot": [5, 2, -3],
							"rotation": [45, 0, 0],
							"uv": {
								"north": {"uv": [12, 8], "uv_size": [2, 2]},
								"east": {"uv": [12, 8], "uv_size": [2, 2]},
								"south": {"uv": [12, 8], "uv_size": [2, 2]},
								"west": {"uv": [12, 8], "uv_size": [2, 2]},
								"up": {"uv": [14, 10], "uv_size": [-2, -2]},
								"down": {"uv": [14, 10], "uv_size": [-2, -2]}
							}
						},
						{
							"origin": [0, 4.7, -11.2],
							"size": [1, 2, 2],
							"pivot": [5, 2, -3],
							"rotation": [45, 0, 0],
							"uv": {
								"north": {"uv": [18, 6], "uv_size": [2, 2]},
								"east": {"uv": [18, 6], "uv_size": [2, 2]},
								"south": {"uv": [18, 6], "uv_size": [2, 2]},
								"west": {"uv": [18, 6], "uv_size": [2, 2]},
								"up": {"uv": [20, 8], "uv_size": [-2, -2]},
								"down": {"uv": [20, 8], "uv_size": [-2, -2]}
							}
						},
						{
							"origin": [0, 2.7, -11.2],
							"size": [1, 2, 2],
							"pivot": [5, 2, -3],
							"rotation": [45, 0, 0],
							"uv": {
								"north": {"uv": [16, 6], "uv_size": [2, 2]},
								"east": {"uv": [16, 6], "uv_size": [2, 2]},
								"south": {"uv": [16, 6], "uv_size": [2, 2]},
								"west": {"uv": [16, 6], "uv_size": [2, 2]},
								"up": {"uv": [18, 8], "uv_size": [-2, -2]},
								"down": {"uv": [18, 8], "uv_size": [-2, -2]}
							}
						},
						{
							"origin": [0, 0.7, -11.2],
							"size": [1, 2, 2],
							"pivot": [5, 2, -3],
							"rotation": [45, 0, 0],
							"uv": {
								"north": {"uv": [14, 6], "uv_size": [2, 2]},
								"east": {"uv": [14, 6], "uv_size": [2, 2]},
								"south": {"uv": [14, 6], "uv_size": [2, 2]},
								"west": {"uv": [14, 6], "uv_size": [2, 2]},
								"up": {"uv": [16, 8], "uv_size": [-2, -2]},
								"down": {"uv": [16, 8], "uv_size": [-2, -2]}
							}
						},
						{
							"origin": [0, -1.3, -11.2],
							"size": [1, 2, 2],
							"pivot": [5, 2, -3],
							"rotation": [45, 0, 0],
							"uv": {
								"north": {"uv": [12, 6], "uv_size": [2, 2]},
								"east": {"uv": [12, 6], "uv_size": [2, 2]},
								"south": {"uv": [12, 6], "uv_size": [2, 2]},
								"west": {"uv": [12, 6], "uv_size": [2, 2]},
								"up": {"uv": [14, 8], "uv_size": [-2, -2]},
								"down": {"uv": [14, 8], "uv_size": [-2, -2]}
							}
						},
						{
							"origin": [0, 6.7, -13.2],
							"size": [1, 2, 2],
							"pivot": [5, 2, -3],
							"rotation": [45, 0, 0],
							"uv": {
								"north": {"uv": [20, 4], "uv_size": [2, 2]},
								"east": {"uv": [20, 4], "uv_size": [2, 2]},
								"south": {"uv": [20, 4], "uv_size": [2, 2]},
								"west": {"uv": [20, 4], "uv_size": [2, 2]},
								"up": {"uv": [22, 6], "uv_size": [-2, -2]},
								"down": {"uv": [22, 6], "uv_size": [-2, -2]}
							}
						},
						{
							"origin": [0, 8.7, -15.2],
							"size": [1, 2, 2],
							"pivot": [5, 2, -3],
							"rotation": [45, 0, 0],
							"uv": {
								"north": {"uv": [22, 2], "uv_size": [2, 2]},
								"east": {"uv": [22, 2], "uv_size": [2, 2]},
								"south": {"uv": [22, 2], "uv_size": [2, 2]},
								"west": {"uv": [22, 2], "uv_size": [2, 2]},
								"up": {"uv": [24, 4], "uv_size": [-2, -2]},
								"down": {"uv": [24, 4], "uv_size": [-2, -2]}
							}
						},
						{
							"origin": [0, 4.7, -13.2],
							"size": [1, 2, 2],
							"pivot": [5, 2, -3],
							"rotation": [45, 0, 0],
							"uv": {
								"north": {"uv": [18, 4], "uv_size": [2, 2]},
								"east": {"uv": [18, 4], "uv_size": [2, 2]},
								"south": {"uv": [18, 4], "uv_size": [2, 2]},
								"west": {"uv": [18, 4], "uv_size": [2, 2]},
								"up": {"uv": [20, 6], "uv_size": [-2, -2]},
								"down": {"uv": [20, 6], "uv_size": [-2, -2]}
							}
						},
						{
							"origin": [0, 2.7, -13.2],
							"size": [1, 2, 2],
							"pivot": [5, 2, -3],
							"rotation": [45, 0, 0],
							"uv": {
								"north": {"uv": [16, 4], "uv_size": [2, 2]},
								"east": {"uv": [16, 4], "uv_size": [2, 2]},
								"south": {"uv": [16, 4], "uv_size": [2, 2]},
								"west": {"uv": [16, 4], "uv_size": [2, 2]},
								"up": {"uv": [18, 6], "uv_size": [-2, -2]},
								"down": {"uv": [18, 6], "uv_size": [-2, -2]}
							}
						},
						{
							"origin": [0, 0.7, -13.2],
							"size": [1, 2, 2],
							"pivot": [5, 2, -3],
							"rotation": [45, 0, 0],
							"uv": {
								"north": {"uv": [14, 4], "uv_size": [2, 2]},
								"east": {"uv": [14, 4], "uv_size": [2, 2]},
								"south": {"uv": [14, 4], "uv_size": [2, 2]},
								"west": {"uv": [14, 4], "uv_size": [2, 2]},
								"up": {"uv": [16, 6], "uv_size": [-2, -2]},
								"down": {"uv": [16, 6], "uv_size": [-2, -2]}
							}
						},
						{
							"origin": [0, 8.7, -13.2],
							"size": [1, 2, 2],
							"pivot": [5, 2, -3],
							"rotation": [45, 0, 0],
							"uv": {
								"north": {"uv": [22, 4], "uv_size": [2, 2]},
								"east": {"uv": [22, 4], "uv_size": [2, 2]},
								"south": {"uv": [22, 4], "uv_size": [2, 2]},
								"west": {"uv": [22, 4], "uv_size": [2, 2]},
								"up": {"uv": [24, 6], "uv_size": [-2, -2]},
								"down": {"uv": [24, 6], "uv_size": [-2, -2]}
							}
						},
						{
							"origin": [0, -1.3, 2.8],
							"size": [1, 2, 2],
							"pivot": [5, 2, -3],
							"rotation": [45, 0, 0],
							"uv": {
								"north": {"uv": [12, 20], "uv_size": [2, 2]},
								"east": {"uv": [12, 20], "uv_size": [2, 2]},
								"south": {"uv": [12, 20], "uv_size": [2, 2]},
								"west": {"uv": [12, 20], "uv_size": [2, 2]},
								"up": {"uv": [14, 22], "uv_size": [-2, -2]},
								"down": {"uv": [14, 22], "uv_size": [-2, -2]}
							}
						},
						{
							"origin": [0, 0.7, 0.8],
							"size": [1, 2, 2],
							"pivot": [5, 2, -3],
							"rotation": [45, 0, 0],
							"uv": {
								"north": {"uv": [14, 18], "uv_size": [2, 2]},
								"east": {"uv": [14, 18], "uv_size": [2, 2]},
								"south": {"uv": [14, 18], "uv_size": [2, 2]},
								"west": {"uv": [14, 18], "uv_size": [2, 2]},
								"up": {"uv": [16, 20], "uv_size": [-2, -2]},
								"down": {"uv": [16, 20], "uv_size": [-2, -2]}
							}
						},
						{
							"origin": [0, 2.7, -1.2],
							"size": [1, 2, 2],
							"pivot": [5, 2, -3],
							"rotation": [45, 0, 0],
							"uv": {
								"north": {"uv": [16, 16], "uv_size": [2, 2]},
								"east": {"uv": [16, 16], "uv_size": [2, 2]},
								"south": {"uv": [16, 16], "uv_size": [2, 2]},
								"west": {"uv": [16, 16], "uv_size": [2, 2]},
								"up": {"uv": [18, 18], "uv_size": [-2, -2]},
								"down": {"uv": [18, 18], "uv_size": [-2, -2]}
							}
						},
						{
							"origin": [0, 4.7, -3.2],
							"size": [1, 2, 2],
							"pivot": [5, 2, -3],
							"rotation": [45, 0, 0],
							"uv": {
								"north": {"uv": [18, 14], "uv_size": [2, 2]},
								"east": {"uv": [18, 14], "uv_size": [2, 2]},
								"south": {"uv": [18, 14], "uv_size": [2, 2]},
								"west": {"uv": [18, 14], "uv_size": [2, 2]},
								"up": {"uv": [20, 16], "uv_size": [-2, -2]},
								"down": {"uv": [20, 16], "uv_size": [-2, -2]}
							}
						},
						{
							"origin": [0, 6.7, -1.2],
							"size": [1, 2, 2],
							"pivot": [5, 2, -3],
							"rotation": [45, 0, 0],
							"uv": {
								"north": {"uv": [20, 16], "uv_size": [2, 2]},
								"east": {"uv": [20, 16], "uv_size": [2, 2]},
								"south": {"uv": [20, 16], "uv_size": [2, 2]},
								"west": {"uv": [20, 16], "uv_size": [2, 2]},
								"up": {"uv": [22, 18], "uv_size": [-2, -2]},
								"down": {"uv": [22, 18], "uv_size": [-2, -2]}
							}
						},
						{
							"origin": [0, 8.7, -1.2],
							"size": [1, 2, 2],
							"pivot": [5, 2, -3],
							"rotation": [45, 0, 0],
							"uv": {
								"north": {"uv": [22, 16], "uv_size": [2, 2]},
								"east": {"uv": [22, 16], "uv_size": [2, 2]},
								"south": {"uv": [22, 16], "uv_size": [2, 2]},
								"west": {"uv": [22, 16], "uv_size": [2, 2]},
								"up": {"uv": [24, 18], "uv_size": [-2, -2]},
								"down": {"uv": [24, 18], "uv_size": [-2, -2]}
							}
						},
						{
							"origin": [0, 6.7, 0.8],
							"size": [1, 2, 2],
							"pivot": [5, 2, -3],
							"rotation": [45, 0, 0],
							"uv": {
								"north": {"uv": [20, 18], "uv_size": [2, 2]},
								"east": {"uv": [20, 18], "uv_size": [2, 2]},
								"south": {"uv": [20, 18], "uv_size": [2, 2]},
								"west": {"uv": [20, 18], "uv_size": [2, 2]},
								"up": {"uv": [22, 20], "uv_size": [-2, -2]},
								"down": {"uv": [22, 20], "uv_size": [-2, -2]}
							}
						},
						{
							"origin": [0, 4.7, 2.8],
							"size": [1, 2, 2],
							"pivot": [5, 2, -3],
							"rotation": [45, 0, 0],
							"uv": {
								"north": {"uv": [18, 20], "uv_size": [2, 2]},
								"east": {"uv": [18, 20], "uv_size": [2, 2]},
								"south": {"uv": [18, 20], "uv_size": [2, 2]},
								"west": {"uv": [18, 20], "uv_size": [2, 2]},
								"up": {"uv": [20, 22], "uv_size": [-2, -2]},
								"down": {"uv": [20, 22], "uv_size": [-2, -2]}
							}
						},
						{
							"origin": [0, 4.7, 0.8],
							"size": [1, 2, 2],
							"pivot": [5, 2, -3],
							"rotation": [45, 0, 0],
							"uv": {
								"north": {"uv": [18, 18], "uv_size": [2, 2]},
								"east": {"uv": [18, 18], "uv_size": [2, 2]},
								"south": {"uv": [18, 18], "uv_size": [2, 2]},
								"west": {"uv": [18, 18], "uv_size": [2, 2]},
								"up": {"uv": [20, 20], "uv_size": [-2, -2]},
								"down": {"uv": [20, 20], "uv_size": [-2, -2]}
							}
						},
						{
							"origin": [0, 4.7, -1.2],
							"size": [1, 2, 2],
							"pivot": [5, 2, -3],
							"rotation": [45, 0, 0],
							"uv": {
								"north": {"uv": [18, 16], "uv_size": [2, 2]},
								"east": {"uv": [18, 16], "uv_size": [2, 2]},
								"south": {"uv": [18, 16], "uv_size": [2, 2]},
								"west": {"uv": [18, 16], "uv_size": [2, 2]},
								"up": {"uv": [20, 18], "uv_size": [-2, -2]},
								"down": {"uv": [20, 18], "uv_size": [-2, -2]}
							}
						},
						{
							"origin": [0, 2.7, 2.8],
							"size": [1, 2, 2],
							"pivot": [5, 2, -3],
							"rotation": [45, 0, 0],
							"uv": {
								"north": {"uv": [16, 20], "uv_size": [2, 2]},
								"east": {"uv": [16, 20], "uv_size": [2, 2]},
								"south": {"uv": [16, 20], "uv_size": [2, 2]},
								"west": {"uv": [16, 20], "uv_size": [2, 2]},
								"up": {"uv": [18, 22], "uv_size": [-2, -2]},
								"down": {"uv": [18, 22], "uv_size": [-2, -2]}
							}
						},
						{
							"origin": [0, 2.7, 0.8],
							"size": [1, 2, 2],
							"pivot": [5, 2, -3],
							"rotation": [45, 0, 0],
							"uv": {
								"north": {"uv": [16, 18], "uv_size": [2, 2]},
								"east": {"uv": [16, 18], "uv_size": [2, 2]},
								"south": {"uv": [16, 18], "uv_size": [2, 2]},
								"west": {"uv": [16, 18], "uv_size": [2, 2]},
								"up": {"uv": [18, 20], "uv_size": [-2, -2]},
								"down": {"uv": [18, 20], "uv_size": [-2, -2]}
							}
						},
						{
							"origin": [0, 8.7, 0.8],
							"size": [1, 2, 2],
							"pivot": [5, 2, -3],
							"rotation": [45, 0, 0],
							"uv": {
								"north": {"uv": [22, 18], "uv_size": [2, 2]},
								"east": {"uv": [22, 18], "uv_size": [2, 2]},
								"south": {"uv": [22, 18], "uv_size": [2, 2]},
								"west": {"uv": [22, 18], "uv_size": [2, 2]},
								"up": {"uv": [24, 20], "uv_size": [-2, -2]},
								"down": {"uv": [24, 20], "uv_size": [-2, -2]}
							}
						},
						{
							"origin": [0, 10.7, 2.8],
							"size": [1, 2, 2],
							"pivot": [5, 2, -3],
							"rotation": [45, 0, 0],
							"uv": {
								"north": {"uv": [24, 20], "uv_size": [2, 2]},
								"east": {"uv": [24, 20], "uv_size": [2, 2]},
								"south": {"uv": [24, 20], "uv_size": [2, 2]},
								"west": {"uv": [24, 20], "uv_size": [2, 2]},
								"up": {"uv": [26, 22], "uv_size": [-2, -2]},
								"down": {"uv": [26, 22], "uv_size": [-2, -2]}
							}
						},
						{
							"origin": [0, 10.7, 0.8],
							"size": [1, 2, 2],
							"pivot": [5, 2, -3],
							"rotation": [45, 0, 0],
							"uv": {
								"north": {"uv": [24, 20], "uv_size": [2, 2]},
								"east": {"uv": [24, 18], "uv_size": [2, 2]},
								"south": {"uv": [24, 18], "uv_size": [2, 2]},
								"west": {"uv": [24, 18], "uv_size": [2, 2]},
								"up": {"uv": [26, 20], "uv_size": [-2, -2]},
								"down": {"uv": [26, 20], "uv_size": [-2, -2]}
							}
						},
						{
							"origin": [0, 10.7, -1.2],
							"size": [1, 2, 2],
							"pivot": [5, 2, -3],
							"rotation": [45, 0, 0],
							"uv": {
								"north": {"uv": [24, 20], "uv_size": [2, 2]},
								"east": {"uv": [24, 16], "uv_size": [2, 2]},
								"south": {"uv": [24, 16], "uv_size": [2, 2]},
								"west": {"uv": [24, 16], "uv_size": [2, 2]},
								"up": {"uv": [26, 18], "uv_size": [-2, -2]},
								"down": {"uv": [26, 18], "uv_size": [-2, -2]}
							}
						},
						{
							"origin": [0, 12.7, 0.8],
							"size": [1, 2, 2],
							"pivot": [5, 2, -3],
							"rotation": [45, 0, 0],
							"uv": {
								"north": {"uv": [26, 18], "uv_size": [2, 2]},
								"east": {"uv": [26, 18], "uv_size": [2, 2]},
								"south": {"uv": [26, 18], "uv_size": [2, 2]},
								"west": {"uv": [26, 18], "uv_size": [2, 2]},
								"up": {"uv": [28, 20], "uv_size": [-2, -2]},
								"down": {"uv": [28, 20], "uv_size": [-2, -2]}
							}
						},
						{
							"origin": [0, 12.7, -1.2],
							"size": [1, 2, 2],
							"pivot": [5, 2, -3],
							"rotation": [45, 0, 0],
							"uv": {
								"north": {"uv": [26, 16], "uv_size": [2, 2]},
								"east": {"uv": [26, 16], "uv_size": [2, 2]},
								"south": {"uv": [26, 16], "uv_size": [2, 2]},
								"west": {"uv": [26, 16], "uv_size": [2, 2]},
								"up": {"uv": [28, 18], "uv_size": [-2, -2]},
								"down": {"uv": [28, 18], "uv_size": [-2, -2]}
							}
						},
						{
							"origin": [0, 12.7, -3.2],
							"size": [1, 2, 2],
							"pivot": [5, 2, -3],
							"rotation": [45, 0, 0],
							"uv": {
								"north": {"uv": [26, 14], "uv_size": [2, 2]},
								"east": {"uv": [26, 14], "uv_size": [2, 2]},
								"south": {"uv": [26, 14], "uv_size": [2, 2]},
								"west": {"uv": [26, 14], "uv_size": [2, 2]},
								"up": {"uv": [28, 16], "uv_size": [-2, -2]},
								"down": {"uv": [28, 16], "uv_size": [-2, -2]}
							}
						},
						{
							"origin": [0, 10.7, -3.2],
							"size": [1, 2, 2],
							"pivot": [5, 2, -3],
							"rotation": [45, 0, 0],
							"uv": {
								"north": {"uv": [24, 14], "uv_size": [2, 2]},
								"east": {"uv": [24, 14], "uv_size": [2, 2]},
								"south": {"uv": [24, 14], "uv_size": [2, 2]},
								"west": {"uv": [24, 14], "uv_size": [2, 2]},
								"up": {"uv": [26, 16], "uv_size": [-2, -2]},
								"down": {"uv": [26, 16], "uv_size": [-2, -2]}
							}
						},
						{
							"origin": [0, 12.7, -5.2],
							"size": [1, 2, 2],
							"pivot": [5, 2, -3],
							"rotation": [45, 0, 0],
							"uv": {
								"north": {"uv": [26, 12], "uv_size": [2, 2]},
								"east": {"uv": [26, 12], "uv_size": [2, 2]},
								"south": {"uv": [26, 12], "uv_size": [2, 2]},
								"west": {"uv": [26, 12], "uv_size": [2, 2]},
								"up": {"uv": [28, 14], "uv_size": [-2, -2]},
								"down": {"uv": [28, 14], "uv_size": [-2, -2]}
							}
						},
						{
							"origin": [0, 12.7, -7.2],
							"size": [1, 2, 2],
							"pivot": [5, 2, -3],
							"rotation": [45, 0, 0],
							"uv": {
								"north": {"uv": [26, 10], "uv_size": [2, 2]},
								"east": {"uv": [26, 10], "uv_size": [2, 2]},
								"south": {"uv": [26, 10], "uv_size": [2, 2]},
								"west": {"uv": [26, 10], "uv_size": [2, 2]},
								"up": {"uv": [28, 12], "uv_size": [-2, -2]},
								"down": {"uv": [28, 12], "uv_size": [-2, -2]}
							}
						},
						{
							"origin": [0, 14.7, -7.2],
							"size": [1, 2, 2],
							"pivot": [5, 2, -3],
							"rotation": [45, 0, 0],
							"uv": {
								"north": {"uv": [28, 10], "uv_size": [2, 2]},
								"east": {"uv": [28, 10], "uv_size": [2, 2]},
								"south": {"uv": [28, 10], "uv_size": [2, 2]},
								"west": {"uv": [28, 10], "uv_size": [2, 2]},
								"up": {"uv": [30, 12], "uv_size": [-2, -2]},
								"down": {"uv": [30, 12], "uv_size": [-2, -2]}
							}
						},
						{
							"origin": [0, 16.7, -9.2],
							"size": [1, 2, 2],
							"pivot": [5, 2, -3],
							"rotation": [45, 0, 0],
							"uv": {
								"north": {"uv": [30, 8], "uv_size": [2, 2]},
								"east": {"uv": [30, 8], "uv_size": [2, 2]},
								"south": {"uv": [30, 8], "uv_size": [2, 2]},
								"west": {"uv": [30, 8], "uv_size": [2, 2]},
								"up": {"uv": [32, 10], "uv_size": [-2, -2]},
								"down": {"uv": [32, 10], "uv_size": [-2, -2]}
							}
						},
						{
							"origin": [0, 16.7, -11.2],
							"size": [1, 2, 2],
							"pivot": [5, 2, -3],
							"rotation": [45, 0, 0],
							"uv": {
								"north": {"uv": [30, 6], "uv_size": [2, 2]},
								"east": {"uv": [30, 6], "uv_size": [2, 2]},
								"south": {"uv": [30, 6], "uv_size": [2, 2]},
								"west": {"uv": [30, 6], "uv_size": [2, 2]},
								"up": {"uv": [32, 8], "uv_size": [-2, -2]},
								"down": {"uv": [32, 8], "uv_size": [-2, -2]}
							}
						},
						{
							"origin": [0, 14.7, -9.2],
							"size": [1, 2, 2],
							"pivot": [5, 2, -3],
							"rotation": [45, 0, 0],
							"uv": {
								"north": {"uv": [28, 8], "uv_size": [2, 2]},
								"east": {"uv": [28, 8], "uv_size": [2, 2]},
								"south": {"uv": [28, 8], "uv_size": [2, 2]},
								"west": {"uv": [28, 8], "uv_size": [2, 2]},
								"up": {"uv": [30, 10], "uv_size": [-2, -2]},
								"down": {"uv": [30, 10], "uv_size": [-2, -2]}
							}
						},
						{
							"origin": [0, 14.7, -11.2],
							"size": [1, 2, 2],
							"pivot": [5, 2, -3],
							"rotation": [45, 0, 0],
							"uv": {
								"north": {"uv": [28, 6], "uv_size": [2, 2]},
								"east": {"uv": [28, 6], "uv_size": [2, 2]},
								"south": {"uv": [28, 6], "uv_size": [2, 2]},
								"west": {"uv": [28, 6], "uv_size": [2, 2]},
								"up": {"uv": [30, 8], "uv_size": [-2, -2]},
								"down": {"uv": [30, 8], "uv_size": [-2, -2]}
							}
						},
						{
							"origin": [0, 14.7, -13.2],
							"size": [1, 2, 2],
							"pivot": [5, 2, -3],
							"rotation": [45, 0, 0],
							"uv": {
								"north": {"uv": [28, 4], "uv_size": [2, 2]},
								"east": {"uv": [28, 4], "uv_size": [2, 2]},
								"south": {"uv": [28, 4], "uv_size": [2, 2]},
								"west": {"uv": [28, 4], "uv_size": [2, 2]},
								"up": {"uv": [30, 6], "uv_size": [-2, -2]},
								"down": {"uv": [30, 6], "uv_size": [-2, -2]}
							}
						},
						{
							"origin": [0, 12.7, -15.2],
							"size": [1, 2, 2],
							"pivot": [5, 2, -3],
							"rotation": [45, 0, 0],
							"uv": {
								"north": {"uv": [26, 2], "uv_size": [2, 2]},
								"east": {"uv": [26, 2], "uv_size": [2, 2]},
								"south": {"uv": [26, 2], "uv_size": [2, 2]},
								"west": {"uv": [26, 2], "uv_size": [2, 2]},
								"up": {"uv": [28, 4], "uv_size": [-2, -2]},
								"down": {"uv": [28, 4], "uv_size": [-2, -2]}
							}
						},
						{
							"origin": [0, 12.7, -9.2],
							"size": [1, 2, 2],
							"pivot": [5, 2, -3],
							"rotation": [45, 0, 0],
							"uv": {
								"north": {"uv": [26, 8], "uv_size": [2, 2]},
								"east": {"uv": [26, 8], "uv_size": [2, 2]},
								"south": {"uv": [26, 8], "uv_size": [2, 2]},
								"west": {"uv": [26, 8], "uv_size": [2, 2]},
								"up": {"uv": [28, 10], "uv_size": [-2, -2]},
								"down": {"uv": [28, 10], "uv_size": [-2, -2]}
							}
						},
						{
							"origin": [0, 12.7, -11.2],
							"size": [1, 2, 2],
							"pivot": [5, 2, -3],
							"rotation": [45, 0, 0],
							"uv": {
								"north": {"uv": [26, 6], "uv_size": [2, 2]},
								"east": {"uv": [26, 6], "uv_size": [2, 2]},
								"south": {"uv": [26, 6], "uv_size": [2, 2]},
								"west": {"uv": [26, 6], "uv_size": [2, 2]},
								"up": {"uv": [28, 8], "uv_size": [-2, -2]},
								"down": {"uv": [28, 8], "uv_size": [-2, -2]}
							}
						},
						{
							"origin": [0, 10.7, -11.2],
							"size": [1, 2, 2],
							"pivot": [5, 2, -3],
							"rotation": [45, 0, 0],
							"uv": {
								"north": {"uv": [24, 6], "uv_size": [2, 2]},
								"east": {"uv": [24, 6], "uv_size": [2, 2]},
								"south": {"uv": [24, 6], "uv_size": [2, 2]},
								"west": {"uv": [24, 6], "uv_size": [2, 2]},
								"up": {"uv": [26, 8], "uv_size": [-2, -2]},
								"down": {"uv": [26, 8], "uv_size": [-2, -2]}
							}
						},
						{
							"origin": [0, 12.7, -13.2],
							"size": [1, 2, 2],
							"pivot": [5, 2, -3],
							"rotation": [45, 0, 0],
							"uv": {
								"north": {"uv": [26, 4], "uv_size": [2, 2]},
								"east": {"uv": [26, 4], "uv_size": [2, 2]},
								"south": {"uv": [26, 4], "uv_size": [2, 2]},
								"west": {"uv": [26, 4], "uv_size": [2, 2]},
								"up": {"uv": [28, 6], "uv_size": [-2, -2]},
								"down": {"uv": [28, 6], "uv_size": [-2, -2]}
							}
						},
						{
							"origin": [0, 10.7, -15.2],
							"size": [1, 2, 2],
							"pivot": [5, 2, -3],
							"rotation": [45, 0, 0],
							"uv": {
								"north": {"uv": [24, 2], "uv_size": [2, 2]},
								"east": {"uv": [24, 2], "uv_size": [2, 2]},
								"south": {"uv": [24, 2], "uv_size": [2, 2]},
								"west": {"uv": [24, 2], "uv_size": [2, 2]},
								"up": {"uv": [26, 4], "uv_size": [-2, -2]},
								"down": {"uv": [26, 4], "uv_size": [-2, -2]}
							}
						},
						{
							"origin": [0, 10.7, -17.2],
							"size": [1, 2, 2],
							"pivot": [5, 2, -3],
							"rotation": [45, 0, 0],
							"uv": {
								"north": {"uv": [24, 0], "uv_size": [2, 2]},
								"east": {"uv": [24, 0], "uv_size": [2, 2]},
								"south": {"uv": [24, 0], "uv_size": [2, 2]},
								"west": {"uv": [24, 0], "uv_size": [2, 2]},
								"up": {"uv": [26, 2], "uv_size": [-2, -2]},
								"down": {"uv": [26, 2], "uv_size": [-2, -2]}
							}
						},
						{
							"origin": [0, -9.3, 8.8],
							"size": [1, 2, 2],
							"pivot": [5, 2, -3],
							"rotation": [45, 0, 0],
							"uv": {
								"north": {"uv": [4, 26], "uv_size": [2, 2]},
								"east": {"uv": [4, 26], "uv_size": [2, 2]},
								"south": {"uv": [4, 26], "uv_size": [2, 2]},
								"west": {"uv": [4, 26], "uv_size": [2, 2]},
								"up": {"uv": [6, 28], "uv_size": [-2, -2]},
								"down": {"uv": [6, 28], "uv_size": [-2, -2]}
							}
						},
						{
							"origin": [0, -9.3, 10.8],
							"size": [1, 2, 2],
							"pivot": [5, 2, -3],
							"rotation": [45, 0, 0],
							"uv": {
								"north": {"uv": [4, 28], "uv_size": [2, 2]},
								"east": {"uv": [4, 28], "uv_size": [2, 2]},
								"south": {"uv": [4, 28], "uv_size": [2, 2]},
								"west": {"uv": [4, 28], "uv_size": [2, 2]},
								"up": {"uv": [6, 30], "uv_size": [-2, -2]},
								"down": {"uv": [6, 30], "uv_size": [-2, -2]}
							}
						}
					]
				}
			]
		}
	]
}