{
	"format_version": "1.12.0",
	"minecraft:geometry": [
		{
			"description": {
				"identifier": "geometry.shallow_arenthis",
				"texture_width": 64,
				"texture_height": 32,
				"visible_bounds_width": 2,
				"visible_bounds_height": 3,
				"visible_bounds_offset": [0, 0.5, 0]
			},
			"bones": [
				{
					"name": "body",
					"pivot": [0, 1, 0]
				},
				{
					"name": "tentacle7",
					"parent": "body",
					"pivot": [-3.11745, 1, -3.90916],
					"rotation": [0, 218.57143, 0],
					"cubes": [
						{"origin": [-3.11745, -7, -4.90916], "size": [1, 8, 1], "uv": [0, 0]}
					]
				},
				{
					"name": "tentacle6",
					"parent": "body",
					"pivot": [1.1126, 1, -4.87464],
					"rotation": [0, 167.14285, 0],
					"cubes": [
						{"origin": [1.1126, -7, -5.87464], "size": [1, 8, 1], "uv": [0, 0]}
					]
				},
				{
					"name": "tentacle5",
					"parent": "body",
					"pivot": [4.50484, 1, -2.16942],
					"rotation": [0, 115.71429, 0],
					"cubes": [
						{"origin": [4.50484, -7, -3.16942], "size": [1, 8, 1], "uv": [0, 0]}
					]
				},
				{
					"name": "tentacle4",
					"parent": "body",
					"pivot": [4.50484, 1, 2.16942],
					"rotation": [0, 64.28571, 0],
					"cubes": [
						{"origin": [4.50484, -7, 1.16942], "size": [1, 8, 1], "uv": [0, 0]}
					]
				},
				{
					"name": "tentacle3",
					"parent": "body",
					"pivot": [1.1126, 1, 4.87464],
					"rotation": [0, 12.85714, 0],
					"cubes": [
						{"origin": [1.1126, -7, 3.87464], "size": [1, 8, 1], "uv": [0, 0]}
					]
				},
				{
					"name": "tentacle2",
					"parent": "body",
					"pivot": [-3.11745, 1, 3.90916],
					"rotation": [0, -38.57143, 0],
					"cubes": [
						{"origin": [-3.11745, -7, 2.90916], "size": [1, 8, 1], "uv": [0, 0]}
					]
				},
				{
					"name": "tentacle1",
					"parent": "body",
					"pivot": [-5, 1, 0],
					"rotation": [0, -90, 0],
					"cubes": [
						{"origin": [-5, -7, -1], "size": [1, 8, 1], "uv": [0, 0]}
					]
				},
				{
					"name": "cap",
					"parent": "body",
					"pivot": [0, 6, 0],
					"cubes": [
						{"origin": [-5, 1, -5], "size": [10, 5, 10], "uv": [0, 0]}
					]
				},
				{
					"name": "head",
					"parent": "cap",
					"pivot": [0, 1, 0],
					"cubes": [
						{"origin": [-2.5, -2, -2.5], "size": [5, 3, 5], "uv": [30, 0]}
					]
				},
				{
					"name": "gfhdfghdfgh",
					"parent": "head",
					"pivot": [0, -2, 0],
					"cubes": [
						{"origin": [-1.5, -8, -1.5], "size": [3, 6, 3], "uv": [48, 9]}
					]
				},
				{
					"name": "tail",
					"parent": "gfhdfghdfgh",
					"pivot": [0, -8, 0],
					"cubes": [
						{"origin": [-3.5, -12, 0], "size": [7, 4, 0], "uv": [0, 15]}
					]
				}
			]
		}
	]
}