{
	"format_version": "1.12.0",
	"minecraft:geometry": [
		{
			"description": {
				"identifier": "geometry.skyblend",
				"texture_width": 160000,
				"texture_height": 80000,
				"visible_bounds_width": 251,
				"visible_bounds_height": 25,
				"visible_bounds_offset": [0, 0.5, 0]
			},
			"bones": [
				{
					"name": "skyblend",
					"pivot": [0, 0, 0],
					"cubes": [
						{"origin": [-40000, 4000, -40000], "size": [80000, 0, 80000], "uv": [-80000, 0]}
					]
				}
			]
		}
	]
}