{
	"format_version": "1.20.10",
	"minecraft:block": {
		"description": {
			"identifier": "gaia:purple_glitter_grass",
			"menu_category": {
				"category": "nature",
				"group": "itemGroup.name.glitter_grass"
			}
		},
		"components": {
			"tag:is_shovelable": {},
			"tag:dirt": {},
			"minecraft:loot": "loot_tables/blocks/purple_glitter_grass.json",
			"minecraft:light_emission": 12,
			"minecraft:destructible_by_mining": {
				"seconds_to_destroy": 1
			},
			"minecraft:unit_cube": {},
			"minecraft:destructible_by_explosion": {
				"explosion_resistance": 1
			},
			"minecraft:map_color": "#ffffff"
		}
	}
}
