{
  "format_version": "1.20.10",
  "minecraft:block": {
    "description": {
      "identifier": "gaia:liquid_aura",
      "states": {
        "gaia:x": [ 0, 1 ],
        "gaia:nx": [ 0, 1 ],
        "gaia:z": [ 0, 1 ],
        "gaia:nz": [ 0, 1 ],
        "gaia:top": [ 0, 1 ],
        "gaia:bottom": [ 0, 1 ]
      }
    },
    "components": {
      "minecraft:on_interact": {
        "event": "gaia:pick_up",
        "condition": "query.is_item_name_any('slot.weapon.mainhand', 0, 'gaia:scaynyx_bucket')",
        "target": "other"
      },
      "minecraft:queued_ticking": {
        "looping": true,
        "interval_range": [ 0.2, 0.2 ],
        "on_tick": {
          "event": "gaia:flow"
        }
      },
      "minecraft:loot": "loot_tables/blocks/null.json",
      "minecraft:material_instances": {
        "*": {
          "texture": "liquid_aura_still",
          "render_method": "blend"
        }
      },
      "tag:template": {},
      "tag:template_full": {},
      "tag:fluid": {},
      "minecraft:geometry": {
        "identifier": "geometry.fluid",
        "bone_visibility": {
          "x": "query.block_state('gaia:x') == 0",
          "nx": "query.block_state('gaia:nx') == 0",
          "z": "query.block_state('gaia:z') == 0",
          "nz": "query.block_state('gaia:nz') == 0",
          "top": "query.block_state('gaia:top') == 0",
          "bottom": "query.block_state('gaia:bottom') == 0"
        }
      },
      "minecraft:light_dampening": 0.0,
      "minecraft:light_emission": 15,
      "minecraft:destructible_by_mining": false,
      "minecraft:collision_box": false,
      "minecraft:destructible_by_explosion": false,
      "minecraft:flammable": false
    },
    "events": {
      "gaia:flow": {
        "sequence": [
          {
            "run_command": {
              "target": "self",
              "command": [ "execute if block ~ ~-1 ~ air run setblock ~ ~-1 ~ gaia:liquid_aura_down" ]
            }
          },
          {
            "run_command": {
              "target": "self",
              "command": [ "execute if block ~ ~ ~1 air unless block ~ ~-1 ~ gaia:liquid_aura_down run setblock ~ ~ ~1 gaia:liquid_aura1" ]
            }
          },
          {
            "run_command": {
              "target": "self",
              "command": [ "execute if block ~ ~ ~-1 air unless block ~ ~-1 ~ gaia:liquid_aura_down run setblock ~ ~ ~-1 gaia:liquid_aura1" ]
            }
          },
          {
            "run_command": {
              "target": "self",
              "command": [ "execute if block ~1 ~ ~ air unless block ~ ~-1 ~ gaia:liquid_aura_down run setblock ~1 ~ ~ gaia:liquid_aura1" ]
            }
          },
          {
            "run_command": {
              "target": "self",
              "command": [ "execute if block ~-1 ~ ~ air unless block ~ ~-1 ~ gaia:liquid_aura_down run setblock ~-1 ~ ~ gaia:liquid_aura1" ]
            }
          },

          {
            "condition": "query.block_neighbor_has_any_tag(0, 0, -1, 'template_full')",
            "set_block_property": {
              "gaia:nz": 1
            }
          },
          {
            "condition": "query.block_neighbor_has_any_tag(0, 0, 1, 'template_full')",
            "set_block_property": {
              "gaia:z": 1
            }
          },
          {
            "condition": "query.block_neighbor_has_any_tag(1, 0, 0, 'template_full')",
            "set_block_property": {
              "gaia:x": 1
            }
          },
          {
            "condition": "query.block_neighbor_has_any_tag(-1, 0, 0, 'template_full')",
            "set_block_property": {
              "gaia:nx": 1
            }
          },
          {
            "condition": "query.block_neighbor_has_any_tag(0, 1, 0, 'template_full')",
            "set_block_property": {
              "gaia:top": 1
            }
          },
          {
            "condition": "query.block_neighbor_has_any_tag(0, -1, 0, 'template_full')",
            "set_block_property": {
              "gaia:bottom": 1
            }
          },

          {
            "condition": "!query.block_neighbor_has_any_tag(0, 0, -1, 'template_full')",
            "set_block_property": {
              "gaia:nz": 0
            }
          },
          {
            "condition": "!query.block_neighbor_has_any_tag(0, 0, 1, 'template_full')",
            "set_block_property": {
              "gaia:z": 0
            }
          },
          {
            "condition": "!query.block_neighbor_has_any_tag(1, 0, 0, 'template_full')",
            "set_block_property": {
              "gaia:x": 0
            }
          },
          {
            "condition": "!query.block_neighbor_has_any_tag(-1, 0, 0, 'template_full')",
            "set_block_property": {
              "gaia:nx": 0
            }
          },
          {
            "condition": "!query.block_neighbor_has_any_tag(0, 1, 0, 'template_full')",
            "set_block_property": {
              "gaia:top": 0
            }
          },
          {
            "condition": "!query.block_neighbor_has_any_tag(0, -1, 0, 'template_full')",
            "set_block_property": {
              "gaia:bottom": 0
            }
          }
        ]
      },
      "gaia:pick_up": {
        "decrement_stack": {},
        "run_command": {
          "command": "give @p gaia:liquid_aura_bucket"
        },
        "die": {}
      }
    }
  }
}