
{
  "format_version": "1.8.0",
  "render_controllers": {
    "controller.render.malachite_guard.defend": {
      "geometry": "Geometry.armor",
      "part_visibility": [
        { "*": "query.is_powered" }
      ],
      "materials": [ { "*": "Material.armor" } ],
      "textures": [ "Texture.defend" ],
      "overlay_color": {
          "r": 1.0,
          "g": 1.0,
          "b": 1.0,
          "a": 1.0
      },
      "uv_anim": {
          "offset": [ "query.is_powered ? (Math.floor(query.life_time * 20.0) + query.frame_alpha) * 0.01 : 0.0", 
                      "query.is_powered ? (Math.floor(query.life_time * 20.0) + query.frame_alpha) * 0.01 : 0.0" ],
          "scale": [ 1.0, 1.0 ]
      },
      "light_color_multiplier": 0.5,
      "ignore_lighting" : true
    },
    "controller.render.malachite_guard.resist": {
      "geometry": "Geometry.armor",
      "part_visibility": [
        { "*": "query.is_ignited" }
      ],
      "materials": [ { "*": "Material.armor" } ],
      "textures": [ "Texture.resist" ],
      "overlay_color": {
          "r": 1.0,
          "g": 1.0,
          "b": 1.0,
          "a": 1.0
      },
      "uv_anim": {
          "offset": [ "query.is_ignited ? (Math.floor(query.life_time * 20.0) + query.frame_alpha) * 0.01 : 0.0", 
                      "query.is_ignited ? (Math.floor(query.life_time * 20.0) + query.frame_alpha) * 0.01 : 0.0" ],
          "scale": [ 1.0, 1.0 ]
      },
      "light_color_multiplier": 0.5,
      "ignore_lighting" : true
    }
  }
}
