{
	"format_version": "1.12.0",
	"minecraft:geometry": [
		{
			"description": {
				"identifier": "geometry.gaia_stairs",
				"texture_width": 16,
				"texture_height": 16,
				"visible_bounds_width": 2,
				"visible_bounds_height": 2.5,
				"visible_bounds_offset": [0, 0.75, 0]
			},
			"bones": [
				{
					"name": "south_down",
					"pivot": [0, 0, 0],
					"cubes": [
						{
							"origin": [-8, 0, -8],
							"size": [16, 8, 16],
							"uv": {
								"north": {"uv": [0, 0], "uv_size": [16, 8]},
								"east": {"uv": [0, 0], "uv_size": [16, 8]},
								"south": {"uv": [0, 0], "uv_size": [16, 8]},
								"west": {"uv": [0, 0], "uv_size": [16, 8]},
								"up": {"uv": [16, 16], "uv_size": [-16, -16]},
								"down": {"uv": [16, 16], "uv_size": [-16, -16]}
							}
						},
						{
							"origin": [-8, 8, 0],
							"size": [16, 8, 8],
							"uv": {
								"north": {"uv": [0, 0], "uv_size": [16, 8]},
								"east": {"uv": [0, 0], "uv_size": [8, 8]},
								"south": {"uv": [0, 0], "uv_size": [16, 8]},
								"west": {"uv": [0, 0], "uv_size": [8, 8]},
								"up": {"uv": [16, 8], "uv_size": [-16, -8]},
								"down": {"uv": [16, 8], "uv_size": [-16, -8]}
							}
						}
					]
				},
				{
					"name": "north_down",
					"pivot": [0, 0, 0],
					"cubes": [
						{
							"origin": [-8, 0, -8],
							"size": [16, 8, 16],
							"uv": {
								"north": {"uv": [0, 0], "uv_size": [16, 8]},
								"east": {"uv": [0, 0], "uv_size": [16, 8]},
								"south": {"uv": [0, 0], "uv_size": [16, 8]},
								"west": {"uv": [0, 0], "uv_size": [16, 8]},
								"up": {"uv": [16, 16], "uv_size": [-16, -16]},
								"down": {"uv": [16, 16], "uv_size": [-16, -16]}
							}
						},
						{
							"origin": [-8, 8, -8],
							"size": [16, 8, 8],
							"uv": {
								"north": {"uv": [0, 0], "uv_size": [16, 8]},
								"east": {"uv": [0, 0], "uv_size": [8, 8]},
								"south": {"uv": [0, 0], "uv_size": [16, 8]},
								"west": {"uv": [0, 0], "uv_size": [8, 8]},
								"up": {"uv": [16, 8], "uv_size": [-16, -8]},
								"down": {"uv": [16, 8], "uv_size": [-16, -8]}
							}
						}
					]
				},
				{
					"name": "west_down",
					"pivot": [0, 0, 0],
					"cubes": [
						{
							"origin": [0, 8, -8],
							"size": [8, 8, 16],
							"uv": {
								"north": {"uv": [8, 0], "uv_size": [8, 8]},
								"east": {"uv": [0, 0], "uv_size": [16, 8]},
								"south": {"uv": [0, 0], "uv_size": [8, 8]},
								"west": {"uv": [0, 0], "uv_size": [16, 8]},
								"up": {"uv": [8, 16], "uv_size": [-8, -16]},
								"down": {"uv": [16, 8], "uv_size": [-16, -8]}
							}
						},
						{
							"origin": [-8, 0, -8],
							"size": [16, 8, 16],
							"uv": {
								"north": {"uv": [0, 8], "uv_size": [16, 8]},
								"east": {"uv": [0, 0], "uv_size": [16, 8]},
								"south": {"uv": [0, 8], "uv_size": [16, 8]},
								"west": {"uv": [0, 8], "uv_size": [16, 8]},
								"up": {"uv": [16, 16], "uv_size": [-16, -16]},
								"down": {"uv": [16, 16], "uv_size": [-16, -16]}
							}
						}
					]
				},
				{
					"name": "east_down",
					"pivot": [0, 0, 0],
					"cubes": [
						{
							"origin": [-8, 8, -8],
							"size": [8, 8, 16],
							"uv": {
								"north": {"uv": [0, 0], "uv_size": [8, 8]},
								"east": {"uv": [0, 0], "uv_size": [16, 8]},
								"south": {"uv": [8, 0], "uv_size": [8, 8]},
								"west": {"uv": [0, 0], "uv_size": [16, 8]},
								"up": {"uv": [16, 16], "uv_size": [-8, -16]},
								"down": {"uv": [16, 8], "uv_size": [-16, -8]}
							}
						},
						{
							"origin": [-8, 0, -8],
							"size": [16, 8, 16],
							"uv": {
								"north": {"uv": [0, 8], "uv_size": [16, 8]},
								"east": {"uv": [0, 8], "uv_size": [16, 8]},
								"south": {"uv": [0, 8], "uv_size": [16, 8]},
								"west": {"uv": [0, 8], "uv_size": [16, 8]},
								"up": {"uv": [16, 16], "uv_size": [-16, -16]},
								"down": {"uv": [16, 16], "uv_size": [-16, -16]}
							}
						}
					]
				},
				{
					"name": "south_up",
					"pivot": [0, 0, 0],
					"cubes": [
						{
							"origin": [-8, 8, -8],
							"size": [16, 8, 16],
							"uv": {
								"north": {"uv": [0, 0], "uv_size": [16, 8]},
								"east": {"uv": [0, 0], "uv_size": [16, 8]},
								"south": {"uv": [0, 0], "uv_size": [16, 8]},
								"west": {"uv": [0, 0], "uv_size": [16, 8]},
								"up": {"uv": [16, 16], "uv_size": [-16, -16]},
								"down": {"uv": [0, 0], "uv_size": [16, 16]}
							}
						},
						{
							"origin": [-8, 0, 0],
							"size": [16, 8, 8],
							"uv": {
								"north": {"uv": [0, 8], "uv_size": [16, 8]},
								"east": {"uv": [0, 8], "uv_size": [8, 8]},
								"south": {"uv": [0, 8], "uv_size": [16, 8]},
								"west": {"uv": [8, 8], "uv_size": [8, 8]},
								"up": {"uv": [16, 8], "uv_size": [-16, -8]},
								"down": {"uv": [16, 8], "uv_size": [-16, 8]}
							}
						}
					]
				},
				{
					"name": "north_up",
					"pivot": [0, 0, 0],
					"cubes": [
						{
							"origin": [-8, 8, -8],
							"size": [16, 8, 16],
							"uv": {
								"north": {"uv": [0, 0], "uv_size": [16, 8]},
								"east": {"uv": [0, 0], "uv_size": [16, 8]},
								"south": {"uv": [0, 0], "uv_size": [16, 8]},
								"west": {"uv": [0, 0], "uv_size": [16, 8]},
								"up": {"uv": [16, 16], "uv_size": [-16, -16]},
								"down": {"uv": [16, 16], "uv_size": [-16, -16]}
							}
						},
						{
							"origin": [-8, 0, -8],
							"size": [16, 8, 8],
							"uv": {
								"north": {"uv": [0, 8], "uv_size": [16, 8]},
								"east": {"uv": [8, 8], "uv_size": [8, 8]},
								"south": {"uv": [0, 8], "uv_size": [16, 8]},
								"west": {"uv": [0, 8], "uv_size": [8, 8]},
								"up": {"uv": [16, 8], "uv_size": [-16, -8]},
								"down": {"uv": [16, 16], "uv_size": [-16, -8]}
							}
						}
					]
				},
				{
					"name": "west_up",
					"pivot": [0, 0, 0],
					"cubes": [
						{
							"origin": [0, 0, -8],
							"size": [8, 8, 16],
							"uv": {
								"north": {"uv": [8, 8], "uv_size": [8, 8]},
								"east": {"uv": [0, 8], "uv_size": [16, 8]},
								"south": {"uv": [0, 8], "uv_size": [8, 8]},
								"west": {"uv": [0, 8], "uv_size": [16, 8]},
								"up": {"uv": [8, 8], "uv_size": [-8, -8]},
								"down": {"uv": [8, 16], "uv_size": [-8, -16]}
							}
						},
						{
							"origin": [-8, 8, -8],
							"size": [16, 8, 16],
							"uv": {
								"north": {"uv": [0, 0], "uv_size": [16, 8]},
								"east": {"uv": [0, 0], "uv_size": [16, 8]},
								"south": {"uv": [0, 0], "uv_size": [16, 8]},
								"west": {"uv": [0, 0], "uv_size": [16, 8]},
								"up": {"uv": [16, 16], "uv_size": [-16, -16]},
								"down": {"uv": [16, 16], "uv_size": [-16, -16]}
							}
						}
					]
				},
				{
					"name": "east_up",
					"pivot": [0, 0, 0],
					"cubes": [
						{
							"origin": [-8, 0, -8],
							"size": [8, 8, 16],
							"uv": {
								"north": {"uv": [0, 8], "uv_size": [8, 8]},
								"east": {"uv": [0, 8], "uv_size": [16, 8]},
								"south": {"uv": [8, 8], "uv_size": [8, 8]},
								"west": {"uv": [0, 8], "uv_size": [16, 8]},
								"up": {"uv": [8, 16], "uv_size": [-8, -8]},
								"down": {"uv": [8, 16], "uv_size": [-8, -16]}
							}
						},
						{
							"origin": [-8, 8, -8],
							"size": [16, 8, 16],
							"uv": {
								"north": {"uv": [0, 0], "uv_size": [16, 8]},
								"east": {"uv": [0, 0], "uv_size": [16, 8]},
								"south": {"uv": [0, 0], "uv_size": [16, 8]},
								"west": {"uv": [0, 0], "uv_size": [16, 8]},
								"up": {"uv": [16, 16], "uv_size": [-16, -16]},
								"down": {"uv": [16, 16], "uv_size": [-16, -16]}
							}
						}
					]
				},
				{
					"name": "northeast_outer_down",
					"pivot": [0, 0, 0],
					"cubes": [
						{
							"origin": [-8, 0, -8],
							"size": [16, 8, 16],
							"uv": {
								"north": {"uv": [0, 8], "uv_size": [16, 8]},
								"east": {"uv": [0, 8], "uv_size": [16, 8]},
								"south": {"uv": [0, 8], "uv_size": [16, 8]},
								"west": {"uv": [0, 8], "uv_size": [16, 8]},
								"up": {"uv": [16, 16], "uv_size": [-16, -16]},
								"down": {"uv": [16, 16], "uv_size": [-16, -16]}
							}
						},
						{
							"origin": [0, 8, -8],
							"size": [8, 8, 8],
							"uv": {
								"north": {"uv": [8, 0], "uv_size": [8, 8]},
								"east": {"uv": [8, 0], "uv_size": [8, 8]},
								"south": {"uv": [0, 0], "uv_size": [8, 8]},
								"west": {"uv": [0, 0], "uv_size": [8, 8]},
								"up": {"uv": [8, 8], "uv_size": [-8, -8]},
								"down": {"uv": [16, 8], "uv_size": [-16, -8]}
							}
						}
					]
				},
				{
					"name": "northwest_outer_down",
					"pivot": [0, 0, 0],
					"cubes": [
						{
							"origin": [-8, 0, -8],
							"size": [16, 8, 16],
							"uv": {
								"north": {"uv": [0, 8], "uv_size": [16, 8]},
								"east": {"uv": [0, 8], "uv_size": [16, 8]},
								"south": {"uv": [0, 8], "uv_size": [16, 8]},
								"west": {"uv": [0, 8], "uv_size": [16, 8]},
								"up": {"uv": [16, 16], "uv_size": [-16, -16]},
								"down": {"uv": [16, 16], "uv_size": [-16, -16]}
							}
						},
						{
							"origin": [-8, 8, -8],
							"size": [8, 8, 8],
							"uv": {
								"north": {"uv": [0, 0], "uv_size": [8, 8]},
								"east": {"uv": [8, 0], "uv_size": [8, 8]},
								"south": {"uv": [8, 0], "uv_size": [8, 8]},
								"west": {"uv": [0, 0], "uv_size": [8, 8]},
								"up": {"uv": [16, 8], "uv_size": [-8, -8]},
								"down": {"uv": [16, 8], "uv_size": [-16, -8]}
							}
						}
					]
				},
				{
					"name": "southeast_outer_down",
					"pivot": [0, 0, 0],
					"cubes": [
						{
							"origin": [-8, 0, -8],
							"size": [16, 8, 16],
							"uv": {
								"north": {"uv": [0, 8], "uv_size": [16, 8]},
								"east": {"uv": [0, 8], "uv_size": [16, 8]},
								"south": {"uv": [0, 8], "uv_size": [16, 8]},
								"west": {"uv": [0, 8], "uv_size": [16, 8]},
								"up": {"uv": [16, 16], "uv_size": [-16, -16]},
								"down": {"uv": [16, 16], "uv_size": [-16, -16]}
							}
						},
						{
							"origin": [0, 8, 0],
							"size": [8, 8, 8],
							"uv": {
								"north": {"uv": [8, 0], "uv_size": [8, 8]},
								"east": {"uv": [0, 0], "uv_size": [8, 8]},
								"south": {"uv": [0, 0], "uv_size": [8, 8]},
								"west": {"uv": [8, 0], "uv_size": [8, 8]},
								"up": {"uv": [8, 16], "uv_size": [-8, -8]},
								"down": {"uv": [16, 8], "uv_size": [-16, -8]}
							}
						}
					]
				},
				{
					"name": "southwest_outer_down",
					"pivot": [0, 0, 0],
					"cubes": [
						{
							"origin": [-8, 0, -8],
							"size": [16, 8, 16],
							"uv": {
								"north": {"uv": [0, 8], "uv_size": [16, 8]},
								"east": {"uv": [0, 8], "uv_size": [16, 8]},
								"south": {"uv": [0, 8], "uv_size": [16, 8]},
								"west": {"uv": [0, 8], "uv_size": [16, 8]},
								"up": {"uv": [16, 16], "uv_size": [-16, -16]},
								"down": {"uv": [16, 16], "uv_size": [-16, -16]}
							}
						},
						{
							"origin": [-8, 8, 0],
							"size": [8, 8, 8],
							"uv": {
								"north": {"uv": [0, 0], "uv_size": [8, 8]},
								"east": {"uv": [0, 0], "uv_size": [8, 8]},
								"south": {"uv": [8, 0], "uv_size": [8, 8]},
								"west": {"uv": [8, 0], "uv_size": [8, 8]},
								"up": {"uv": [16, 16], "uv_size": [-8, -8]},
								"down": {"uv": [16, 8], "uv_size": [-16, -8]}
							}
						}
					]
				},
				{
					"name": "northeast_outer_up",
					"pivot": [0, 0, 0],
					"cubes": [
						{
							"origin": [-8, 8, -8],
							"size": [16, 8, 16],
							"uv": {
								"north": {"uv": [0, 0], "uv_size": [16, 8]},
								"east": {"uv": [0, 0], "uv_size": [16, 8]},
								"south": {"uv": [0, 0], "uv_size": [16, 8]},
								"west": {"uv": [0, 0], "uv_size": [16, 8]},
								"up": {"uv": [16, 16], "uv_size": [-16, -16]},
								"down": {"uv": [16, 16], "uv_size": [-16, -16]}
							}
						},
						{
							"origin": [0, 0, -8],
							"size": [8, 8, 8],
							"uv": {
								"north": {"uv": [8, 8], "uv_size": [8, 8]},
								"east": {"uv": [8, 8], "uv_size": [8, 8]},
								"south": {"uv": [0, 8], "uv_size": [8, 8]},
								"west": {"uv": [0, 8], "uv_size": [8, 8]},
								"up": {"uv": [16, 16], "uv_size": [-8, -8]},
								"down": {"uv": [8, 16], "uv_size": [-8, -8]}
							}
						}
					]
				},
				{
					"name": "northwest_outer_up",
					"pivot": [0, 0, 0],
					"cubes": [
						{
							"origin": [-8, 8, -8],
							"size": [16, 8, 16],
							"uv": {
								"north": {"uv": [0, 0], "uv_size": [16, 8]},
								"east": {"uv": [0, 0], "uv_size": [16, 8]},
								"south": {"uv": [0, 0], "uv_size": [16, 8]},
								"west": {"uv": [0, 0], "uv_size": [16, 8]},
								"up": {"uv": [16, 16], "uv_size": [-16, -16]},
								"down": {"uv": [16, 16], "uv_size": [-16, -16]}
							}
						},
						{
							"origin": [-8, 0, -8],
							"size": [8, 8, 8],
							"uv": {
								"north": {"uv": [0, 8], "uv_size": [8, 8]},
								"east": {"uv": [8, 8], "uv_size": [8, 8]},
								"south": {"uv": [8, 8], "uv_size": [8, 8]},
								"west": {"uv": [0, 8], "uv_size": [8, 8]},
								"up": {"uv": [8, 16], "uv_size": [-8, -8]},
								"down": {"uv": [16, 16], "uv_size": [-8, -8]}
							}
						}
					]
				},
				{
					"name": "southeast_outer_up",
					"pivot": [0, 0, 0],
					"cubes": [
						{
							"origin": [-8, 8, -8],
							"size": [16, 8, 16],
							"uv": {
								"north": {"uv": [0, 0], "uv_size": [16, 8]},
								"east": {"uv": [0, 0], "uv_size": [16, 8]},
								"south": {"uv": [0, 0], "uv_size": [16, 8]},
								"west": {"uv": [0, 0], "uv_size": [16, 8]},
								"up": {"uv": [16, 16], "uv_size": [-16, -16]},
								"down": {"uv": [16, 16], "uv_size": [-16, -16]}
							}
						},
						{
							"origin": [0, 0, 0],
							"size": [8, 8, 8],
							"uv": {
								"north": {"uv": [8, 8], "uv_size": [8, 8]},
								"east": {"uv": [0, 8], "uv_size": [8, 8]},
								"south": {"uv": [0, 8], "uv_size": [8, 8]},
								"west": {"uv": [8, 8], "uv_size": [8, 8]},
								"up": {"uv": [16, 8], "uv_size": [-8, -8]},
								"down": {"uv": [8, 8], "uv_size": [-8, -8]}
							}
						}
					]
				},
				{
					"name": "southwest_outer_up",
					"pivot": [0, 0, 0],
					"cubes": [
						{
							"origin": [-8, 8, -8],
							"size": [16, 8, 16],
							"uv": {
								"north": {"uv": [0, 0], "uv_size": [16, 8]},
								"east": {"uv": [0, 0], "uv_size": [16, 8]},
								"south": {"uv": [0, 0], "uv_size": [16, 8]},
								"west": {"uv": [0, 0], "uv_size": [16, 8]},
								"up": {"uv": [16, 16], "uv_size": [-16, -16]},
								"down": {"uv": [16, 16], "uv_size": [-16, -16]}
							}
						},
						{
							"origin": [-8, 0, 0],
							"size": [8, 8, 8],
							"uv": {
								"north": {"uv": [0, 8], "uv_size": [8, 8]},
								"east": {"uv": [0, 8], "uv_size": [8, 8]},
								"south": {"uv": [8, 8], "uv_size": [8, 8]},
								"west": {"uv": [8, 8], "uv_size": [8, 8]},
								"up": {"uv": [8, 8], "uv_size": [-8, -8]},
								"down": {"uv": [16, 8], "uv_size": [-8, -8]}
							}
						}
					]
				},
				{
					"name": "northeast_inner_down",
					"pivot": [0, 0, 0],
					"cubes": [
						{
							"origin": [-8, 0, -8],
							"size": [16, 8, 16],
							"uv": {
								"north": {"uv": [0, 8], "uv_size": [16, 8]},
								"east": {"uv": [0, 8], "uv_size": [16, 8]},
								"south": {"uv": [0, 8], "uv_size": [16, 8]},
								"west": {"uv": [0, 8], "uv_size": [16, 8]},
								"up": {"uv": [16, 16], "uv_size": [-16, -16]},
								"down": {"uv": [16, 16], "uv_size": [-16, -16]}
							}
						},
						{
							"origin": [-8, 8, 0],
							"size": [16, 8, 8],
							"uv": {
								"north": {"uv": [0, 0], "uv_size": [16, 8]},
								"east": {"uv": [0, 0], "uv_size": [8, 8]},
								"south": {"uv": [0, 0], "uv_size": [16, 8]},
								"west": {"uv": [8, 0], "uv_size": [8, 8]},
								"up": {"uv": [16, 16], "uv_size": [-16, -8]},
								"down": {"uv": [16, 8], "uv_size": [-16, -8]}
							}
						},
						{
							"origin": [-8, 8, -8],
							"size": [8, 8, 8],
							"uv": {
								"north": {"uv": [0, 0], "uv_size": [8, 8]},
								"east": {"uv": [8, 0], "uv_size": [8, 8]},
								"south": {"uv": [0, 0], "uv_size": [8, 8]},
								"west": {"uv": [0, 0], "uv_size": [8, 8]},
								"up": {"uv": [16, 8], "uv_size": [-8, -8]},
								"down": {"uv": [16, 8], "uv_size": [-16, -8]}
							}
						}
					]
				},
				{
					"name": "northwest_inner_down",
					"pivot": [0, 0, 0],
					"cubes": [
						{
							"origin": [-8, 0, -8],
							"size": [16, 8, 16],
							"uv": {
								"north": {"uv": [0, 8], "uv_size": [16, 8]},
								"east": {"uv": [0, 8], "uv_size": [16, 8]},
								"south": {"uv": [0, 8], "uv_size": [16, 8]},
								"west": {"uv": [0, 8], "uv_size": [16, 8]},
								"up": {"uv": [16, 16], "uv_size": [-16, -16]},
								"down": {"uv": [16, 16], "uv_size": [-16, -16]}
							}
						},
						{
							"origin": [-8, 8, 0],
							"size": [16, 8, 8],
							"uv": {
								"north": {"uv": [0, 0], "uv_size": [16, 8]},
								"east": {"uv": [0, 0], "uv_size": [8, 8]},
								"south": {"uv": [0, 0], "uv_size": [16, 8]},
								"west": {"uv": [8, 0], "uv_size": [8, 8]},
								"up": {"uv": [16, 16], "uv_size": [-16, -8]},
								"down": {"uv": [16, 8], "uv_size": [-16, -8]}
							}
						},
						{
							"origin": [0, 8, -8],
							"size": [8, 8, 8],
							"uv": {
								"north": {"uv": [8, 0], "uv_size": [8, 8]},
								"east": {"uv": [8, 0], "uv_size": [8, 8]},
								"south": {"uv": [0, 0], "uv_size": [8, 8]},
								"west": {"uv": [0, 0], "uv_size": [8, 8]},
								"up": {"uv": [8, 8], "uv_size": [-8, -8]},
								"down": {"uv": [16, 8], "uv_size": [-16, -8]}
							}
						}
					]
				},
				{
					"name": "northwest_inner_up",
					"pivot": [0, 0, 0],
					"cubes": [
						{
							"origin": [-8, 8, -8],
							"size": [16, 8, 16],
							"uv": {
								"north": {"uv": [0, 0], "uv_size": [16, 8]},
								"east": {"uv": [0, 0], "uv_size": [16, 8]},
								"south": {"uv": [0, 0], "uv_size": [16, 8]},
								"west": {"uv": [0, 0], "uv_size": [16, 8]},
								"up": {"uv": [16, 16], "uv_size": [-16, -16]},
								"down": {"uv": [16, 16], "uv_size": [-16, -16]}
							}
						},
						{
							"origin": [-8, 0, 0],
							"size": [16, 8, 8],
							"uv": {
								"north": {"uv": [0, 8], "uv_size": [16, 8]},
								"east": {"uv": [0, 8], "uv_size": [8, 8]},
								"south": {"uv": [0, 8], "uv_size": [16, 8]},
								"west": {"uv": [8, 8], "uv_size": [8, 8]},
								"up": {"uv": [8, 8], "uv_size": [-8, -8]},
								"down": {"uv": [16, 8], "uv_size": [-16, -8]}
							}
						},
						{
							"origin": [0, 0, -8],
							"size": [8, 8, 8],
							"uv": {
								"north": {"uv": [8, 8], "uv_size": [8, 8]},
								"east": {"uv": [8, 8], "uv_size": [8, 8]},
								"south": {"uv": [0, 0], "uv_size": [8, 8]},
								"west": {"uv": [0, 8], "uv_size": [8, 8]},
								"up": {"uv": [8, 8], "uv_size": [-8, -8]},
								"down": {"uv": [8, 16], "uv_size": [-8, -8]}
							}
						}
					]
				},
				{
					"name": "northeast_inner_up",
					"pivot": [0, 0, 0],
					"cubes": [
						{
							"origin": [-8, 8, -8],
							"size": [16, 8, 16],
							"uv": {
								"north": {"uv": [0, 0], "uv_size": [16, 8]},
								"east": {"uv": [0, 0], "uv_size": [16, 8]},
								"south": {"uv": [0, 0], "uv_size": [16, 8]},
								"west": {"uv": [0, 0], "uv_size": [16, 8]},
								"up": {"uv": [16, 16], "uv_size": [-16, -16]},
								"down": {"uv": [16, 16], "uv_size": [-16, -16]}
							}
						},
						{
							"origin": [-8, 0, 0],
							"size": [16, 8, 8],
							"uv": {
								"north": {"uv": [0, 8], "uv_size": [16, 8]},
								"east": {"uv": [0, 8], "uv_size": [8, 8]},
								"south": {"uv": [0, 8], "uv_size": [16, 8]},
								"west": {"uv": [8, 8], "uv_size": [8, 8]},
								"up": {"uv": [8, 8], "uv_size": [-8, -8]},
								"down": {"uv": [16, 8], "uv_size": [-16, -8]}
							}
						},
						{
							"origin": [-8, 0, -8],
							"size": [8, 8, 8],
							"uv": {
								"north": {"uv": [0, 8], "uv_size": [8, 8]},
								"east": {"uv": [8, 8], "uv_size": [8, 8]},
								"south": {"uv": [0, 0], "uv_size": [8, 8]},
								"west": {"uv": [0, 8], "uv_size": [8, 8]},
								"up": {"uv": [8, 8], "uv_size": [-8, -8]},
								"down": {"uv": [16, 16], "uv_size": [-8, -8]}
							}
						}
					]
				},
				{
					"name": "southeast_inner_down",
					"pivot": [0, 0, 0],
					"cubes": [
						{
							"origin": [-8, 0, -8],
							"size": [16, 8, 16],
							"uv": {
								"north": {"uv": [0, 8], "uv_size": [16, 8]},
								"east": {"uv": [0, 8], "uv_size": [16, 8]},
								"south": {"uv": [0, 8], "uv_size": [16, 8]},
								"west": {"uv": [0, 8], "uv_size": [16, 8]},
								"up": {"uv": [16, 16], "uv_size": [-16, -16]},
								"down": {"uv": [16, 16], "uv_size": [-16, -16]}
							}
						},
						{
							"origin": [-8, 8, -8],
							"size": [16, 8, 8],
							"uv": {
								"north": {"uv": [0, 0], "uv_size": [16, 8]},
								"east": {"uv": [8, 0], "uv_size": [8, 8]},
								"south": {"uv": [0, 0], "uv_size": [16, 8]},
								"west": {"uv": [0, 0], "uv_size": [8, 8]},
								"up": {"uv": [16, 8], "uv_size": [-16, -8]},
								"down": {"uv": [16, 8], "uv_size": [-16, -8]}
							}
						},
						{
							"origin": [-8, 8, 0],
							"size": [8, 8, 8],
							"uv": {
								"north": {"uv": [8, 0], "uv_size": [8, 8]},
								"east": {"uv": [0, 0], "uv_size": [8, 8]},
								"south": {"uv": [8, 0], "uv_size": [8, 8]},
								"west": {"uv": [8, 0], "uv_size": [8, 8]},
								"up": {"uv": [16, 16], "uv_size": [-8, -8]},
								"down": {"uv": [16, 8], "uv_size": [-16, -8]}
							}
						}
					]
				},
				{
					"name": "southeast_inner_up",
					"pivot": [0, 0, 0],
					"cubes": [
						{
							"origin": [-8, 8, -8],
							"size": [16, 8, 16],
							"uv": {
								"north": {"uv": [0, 0], "uv_size": [16, 8]},
								"east": {"uv": [0, 0], "uv_size": [16, 8]},
								"south": {"uv": [0, 0], "uv_size": [16, 8]},
								"west": {"uv": [0, 0], "uv_size": [16, 8]},
								"up": {"uv": [16, 16], "uv_size": [-16, -16]},
								"down": {"uv": [16, 16], "uv_size": [-16, -16]}
							}
						},
						{
							"origin": [-8, 0, -8],
							"size": [16, 8, 8],
							"uv": {
								"north": {"uv": [0, 8], "uv_size": [16, 8]},
								"east": {"uv": [8, 8], "uv_size": [8, 8]},
								"south": {"uv": [0, 8], "uv_size": [16, 8]},
								"west": {"uv": [0, 8], "uv_size": [8, 8]},
								"up": {"uv": [8, 16], "uv_size": [-8, -8]},
								"down": {"uv": [16, 16], "uv_size": [-16, -8]}
							}
						},
						{
							"origin": [-8, 0, 0],
							"size": [8, 8, 8],
							"uv": {
								"north": {"uv": [8, 0], "uv_size": [8, 8]},
								"east": {"uv": [0, 8], "uv_size": [8, 8]},
								"south": {"uv": [8, 8], "uv_size": [8, 8]},
								"west": {"uv": [8, 8], "uv_size": [8, 8]},
								"up": {"uv": [8, 16], "uv_size": [-8, -8]},
								"down": {"uv": [16, 8], "uv_size": [-8, -8]}
							}
						}
					]
				},
				{
					"name": "southwest_inner_down",
					"pivot": [0, 0, 0],
					"cubes": [
						{
							"origin": [-8, 0, -8],
							"size": [16, 8, 16],
							"uv": {
								"north": {"uv": [0, 8], "uv_size": [16, 8]},
								"east": {"uv": [0, 8], "uv_size": [16, 8]},
								"south": {"uv": [0, 8], "uv_size": [16, 8]},
								"west": {"uv": [0, 8], "uv_size": [16, 8]},
								"up": {"uv": [16, 16], "uv_size": [-16, -16]},
								"down": {"uv": [16, 16], "uv_size": [-16, -16]}
							}
						},
						{
							"origin": [-8, 8, -8],
							"size": [16, 8, 8],
							"uv": {
								"north": {"uv": [0, 0], "uv_size": [16, 8]},
								"east": {"uv": [8, 0], "uv_size": [8, 8]},
								"south": {"uv": [0, 0], "uv_size": [16, 8]},
								"west": {"uv": [0, 0], "uv_size": [8, 8]},
								"up": {"uv": [16, 8], "uv_size": [-16, -8]},
								"down": {"uv": [16, 8], "uv_size": [-16, -8]}
							}
						},
						{
							"origin": [0, 8, 0],
							"size": [8, 8, 8],
							"uv": {
								"north": {"uv": [8, 0], "uv_size": [8, 8]},
								"east": {"uv": [0, 0], "uv_size": [8, 8]},
								"south": {"uv": [0, 0], "uv_size": [8, 8]},
								"west": {"uv": [8, 0], "uv_size": [8, 8]},
								"up": {"uv": [8, 16], "uv_size": [-8, -8]},
								"down": {"uv": [16, 8], "uv_size": [-16, -8]}
							}
						}
					]
				},
				{
					"name": "southwest_inner_up",
					"pivot": [0, 0, 0],
					"cubes": [
						{
							"origin": [-8, 8, -8],
							"size": [16, 8, 16],
							"uv": {
								"north": {"uv": [0, 0], "uv_size": [16, 8]},
								"east": {"uv": [0, 0], "uv_size": [16, 8]},
								"south": {"uv": [0, 0], "uv_size": [16, 8]},
								"west": {"uv": [0, 0], "uv_size": [16, 8]},
								"up": {"uv": [16, 16], "uv_size": [-16, -16]},
								"down": {"uv": [16, 16], "uv_size": [-16, -16]}
							}
						},
						{
							"origin": [-8, 0, -8],
							"size": [16, 8, 8],
							"uv": {
								"north": {"uv": [0, 8], "uv_size": [16, 8]},
								"east": {"uv": [8, 8], "uv_size": [8, 8]},
								"south": {"uv": [0, 8], "uv_size": [16, 8]},
								"west": {"uv": [0, 8], "uv_size": [8, 8]},
								"up": {"uv": [8, 16], "uv_size": [-8, -8]},
								"down": {"uv": [16, 16], "uv_size": [-16, -8]}
							}
						},
						{
							"origin": [0, 0, 0],
							"size": [8, 8, 8],
							"uv": {
								"north": {"uv": [8, 0], "uv_size": [8, 8]},
								"east": {"uv": [0, 8], "uv_size": [8, 8]},
								"south": {"uv": [0, 8], "uv_size": [8, 8]},
								"west": {"uv": [8, 8], "uv_size": [8, 8]},
								"up": {"uv": [8, 16], "uv_size": [-8, -8]},
								"down": {"uv": [8, 8], "uv_size": [-8, -8]}
							}
						}
					]
				}
			]
		}
	]
}