{
	"format_version": "1.12.0",
	"minecraft:geometry": [
		{
			"description": {
				"identifier": "geometry.pyrite_torch",
				"texture_width": 16,
				"texture_height": 16,
				"visible_bounds_width": 3,
				"visible_bounds_height": 2.5,
				"visible_bounds_offset": [0, 0.75, 0]
			},
			"bones": [
				{
					"name": "ground",
					"pivot": [0, 0, 0],
					"cubes": [
						{
							"origin": [-1, 0, -1],
							"size": [2, 10, 2],
							"pivot": [0, 0, 0],
							"rotation": [0, -90, 0],
							"uv": {
								"north": {"uv": [7, 6], "uv_size": [2, 10]},
								"east": {"uv": [7, 6], "uv_size": [2, 10]},
								"south": {"uv": [7, 6], "uv_size": [2, 10]},
								"west": {"uv": [7, 6], "uv_size": [2, 10]},
								"up": {"uv": [7, 8], "uv_size": [2, -2]},
								"down": {"uv": [9, 16], "uv_size": [-2, -2]}
							}
						}
					]
				},
				{
					"name": "wall",
					"pivot": [0, 0, 0],
					"cubes": [
						{
							"origin": [8.15, -0.5, -1],
							"size": [2, 10.25, 2],
							"pivot": [0, 0, 0],
							"rotation": [90, -65, -90],
							"uv": {
								"north": {"uv": [7, 6], "uv_size": [2, 10]},
								"east": {"uv": [7, 6], "uv_size": [2, 10]},
								"south": {"uv": [7, 6], "uv_size": [2, 10]},
								"west": {"uv": [7, 6], "uv_size": [2, 10]},
								"up": {"uv": [7, 8], "uv_size": [2, -2]},
								"down": {"uv": [9, 16], "uv_size": [-2, -2]}
							}
						}
					]
				}
			]
		}
	]
}