{
  "format_version": "1.10.0",
  "minecraft:client_entity": {
    "description": {
      "identifier": "gaia:ancient_lagrahk",
      "textures": {
        "default": "textures/entity/ancient_lagrahk"
      },
      "materials": {
        "default": "ravager"
      },
      "geometry": {
        "default": "geometry.ancient_lagrahk"
      },
      "render_controllers": [
        "controller.render.ravager"
      ],
      "spawn_egg": {
        "texture": "spawn_gaia",
        "texture_index": 0
      },
      "animations": {
        "walk": "animation.ravager.walk",
        "look_at_target": "animation.common.look_at_target",
        "idle_mouth": "animation.ravager.idle_mouth",
        "stunned": "animation.ravager.stunned",
        "roaring": "animation.ravager.roaring",
        "move": "controller.animation.ravager.move",
        "head": "controller.animation.ravager.head_movement",
        "biting": "animation.ravager.biting"
      },
      "scripts": {
        "pre_animation": [
          "variable.roar_length = 1.0;", // in seconds
          "variable.bite_anim_duration = 0.75f;", // in seconds
          "variable.bite_neck_length = 0.5;"
        ],
        "animate": [
          "move",
          "head"
        ]
      },
      "particle_effects": {
        "stun_particles": "minecraft:stunned_emitter"
      }
    }
  }
}