[
  {
    "flipbook_texture": "textures/blocks/gaia_active_rock",
    "atlas_tile": "ani_gaia_active_rock",
    "ticks_per_frame": 42
  },
  {
    "flipbook_texture": "textures/blocks/gaia_burning_planks",
    "atlas_tile": "ani_gaia_burning_planks",
    "ticks_per_frame": 42
  },
  {
    "flipbook_texture": "textures/blocks/gaia_burning_log",
    "atlas_tile": "ani_gaia_burning_log",
    "ticks_per_frame": 42
  },
  {
    "flipbook_texture": "textures/blocks/gaia_burning_leaves",
    "atlas_tile": "ani_gaia_burning_leaves",
    "ticks_per_frame": 42
  },
  {
    "flipbook_texture": "textures/blocks/gaia_burning_wood",
    "atlas_tile": "ani_gaia_burning_wood",
    "ticks_per_frame": 42
  },
  {
    "flipbook_texture": "textures/blocks/gaia_stripped_burning_wood",
    "atlas_tile": "ani_gaia_stripped_burning_wood",
    "ticks_per_frame": 42
  },
  {
    "flipbook_texture": "textures/blocks/gaia_stripped_burning_log",
    "atlas_tile": "ani_gaia_stripped_burning_log",
    "ticks_per_frame": 42
  },
  {
    "flipbook_texture": "textures/blocks/gaia_goldstone_block",
    "atlas_tile": "ani_gaia_goldstone_block",
    "ticks_per_frame": 42
  },
  {
    "flipbook_texture": "textures/blocks/gaia_portal",
    "atlas_tile": "gaia_portal",
    "ticks_per_frame": 1
  }
]
