{
  "resource_pack_name": "vanilla",
  "texture_name": "atlas.items",
  "texture_data": {
    "benitoite": {
      "textures": "textures/items/benitoite"
    },
    "black_residue": {
      "textures": "textures/items/black_residue"
    },
    "carnelian": {
      "textures": "textures/items/carnelian"
    },
    "chalcedony": {
      "textures": "textures/items/chalcedony"
    },
    "cloudy_shard": {
      "textures": "textures/items/cloudy_shard"
    },
    "crystal_shard": {
      "textures": "textures/items/crystal_shard"
    },
    "crystallized_lapis_lazuli": {
      "textures": "textures/items/crystallized_lapis_lazuli"
    },
    "crystallized_redstone": {
      "textures": "textures/items/crystallized_redstone"
    },
    "diopside": {
      "textures": "textures/items/diopside"
    },
    "euclase": {
      "textures": "textures/items/euclase"
    },
    "geode": {
      "textures": "textures/items/geode"
    },
    "hot_dust": {
      "textures": "textures/items/hot_dust"
    },
    "ixiolite": {
      "textures": "textures/items/ixiolite"
    },
    "leucite": {
      "textures": "textures/items/leucite"
    },
    "mock_malachite": {
      "textures": "textures/items/mock_malachite"
    },
    "proustite": {
      "textures": "textures/items/proustite"
    },
    "scaynyx_ingot": {
      "textures": "textures/items/scaynyx_ingot"
    },
    "shiny_bone": {
      "textures": "textures/items/shiny_bone"
    },
    "sturdy_pebble": {
      "textures": "textures/items/sturdy_pebble"
    },
    "sugilite": {
      "textures": "textures/items/sugilite"
    },
    "sweet_muckball": {
      "textures": "textures/items/sweet_muckball"
    },
    "tektite": {
      "textures": "textures/items/tektite"
    },
    "twined_thread": {
      "textures": "textures/items/twined_thread"
    },
    "agate_fabric": {
      "textures": "textures/items/agate_fabric"
    },
    "agate_stick": {
      "textures": "textures/items/agate_stick"
    },
    "aura_cluster": {
      "textures": "textures/items/aura_cluster"
    },
    "aura_residue": {
      "textures": "textures/items/aura_residue"
    },
    "bismuth_crystal": {
      "textures": "textures/items/bismuth_crystal"
    },
    "bismuth_residue": {
      "textures": "textures/items/bismuth_residue"
    },
    "blue_geode_slice": {
      "textures": "textures/items/blue_geode_slice"
    },
    "blue_opal": {
      "textures": "textures/items/blue_opal"
    },
    "blue_opal_powder": {
      "textures": "textures/items/blue_opal_powder"
    },
    "cinnabar": {
      "textures": "textures/items/cinnabar"
    },
    "cinnabar_powder": {
      "textures": "textures/items/cinnabar_powder"
    },
    "fine_dust": {
      "textures": "textures/items/fine_dust"
    },
    "fine_thread": {
      "textures": "textures/items/fine_thread"
    },
    "goldstone": {
      "textures": "textures/items/goldstone"
    },
    "goldstone_dust": {
      "textures": "textures/items/goldstone_dust"
    },
    "goldstone_residue": {
      "textures": "textures/items/goldstone_residue"
    },
    "green_geode_slice": {
      "textures": "textures/items/green_geode_slice"
    },
    "green_opal": {
      "textures": "textures/items/green_opal"
    },
    "green_opal_powder": {
      "textures": "textures/items/green_opal_powder"
    },
    "hematite": {
      "textures": "textures/items/hematite"
    },
    "hematite_powder": {
      "textures": "textures/items/hematite_powder"
    },
    "labradorite": {
      "textures": "textures/items/labradorite"
    },
    "labradorite_powder": {
      "textures": "textures/items/labradorite_powder"
    },
    "moonstone": {
      "textures": "textures/items/moonstone"
    },
    "moonstone_powder": {
      "textures": "textures/items/moonstone_powder"
    },
    "pink_essence": {
      "textures": "textures/items/pink_essence"
    },
    "pink_geode_slice": {
      "textures": "textures/items/pink_geode_slice"
    },
    "pink_goo": {
      "textures": "textures/items/pink_goo"
    },
    "purple_geode_slice": {
      "textures": "textures/items/purple_geode_slice"
    },
    "pyrite": {
      "textures": "textures/items/pyrite"
    },
    "pyrite_powder": {
      "textures": "textures/items/pyrite_powder"
    },
    "red_opal": {
      "textures": "textures/items/red_opal"
    },
    "red_opal_powder": {
      "textures": "textures/items/red_opal_powder"
    },
    "sugar_cluster": {
      "textures": "textures/items/sugar_cluster"
    },
    "sugar_crystals": {
      "textures": "textures/items/sugar_crystals"
    },
    "white_opal": {
      "textures": "textures/items/white_opal"
    },
    "white_opal_powder": {
      "textures": "textures/items/white_opal_powder"
    },
    "tilibl": {
      "textures": "textures/items/tilibl"
    },
    "tiligr": {
      "textures": "textures/items/tiligr"
    },
    "tilimy": {
      "textures": "textures/items/tilimy"
    },
    "tiliol": {
      "textures": "textures/items/tiliol"
    },
    "tiliou": {
      "textures": "textures/items/tiliou"
    },
    "tilipi": {
      "textures": "textures/items/tilipi"
    },
    "tilipu": {
      "textures": "textures/items/tilipu"
    },
    "plagued_tiliey": {
      "textures": "textures/items/plagued_tiliey"
    },
    "small_tentacle": {
      "textures": "textures/items/small_tentacle"
    },
    "small_calamari": {
      "textures": "textures/items/small_calamari"
    },
    "large_tentacle": {
      "textures": "textures/items/large_tentacle"
    },
    "large_calamari": {
      "textures": "textures/items/large_calamari"
    },
    "luggeroth_chop": {
      "textures": "textures/items/luggeroth_chop"
    },
    "cooked_luggeroth_chop": {
      "textures": "textures/items/cooked_luggeroth_chop"
    },
    "lurmorus_meat": {
      "textures": "textures/items/lurmorus_meat"
    },
    "lurmorus_steak": {
      "textures": "textures/items/lurmorus_steak"
    },
    "agate_cup": {
      "textures": "textures/items/agate_cup"
    },
    "blue_geode_tea": {
      "textures": "textures/items/blue_geode_tea"
    },
    "green_geode_ale": {
      "textures": "textures/items/green_geode_ale"
    },
    "purple_geode_soda": {
      "textures": "textures/items/purple_geode_soda"
    },
    "pearly_geode_elixir": {
      "textures": "textures/items/pearly_geode_elixir"
    },
   "glint_and_gold": {
         "textures": "textures/items/glint_and_gold"
      },
      "spawn_gaia": {
         "textures": "textures/items/spawn_gaia"
    },
    "gaia_thiscus": {
      "textures": "textures/items/gaia_thiscus"
    },
    "gaia_ouzium": {
      "textures": "textures/items/gaia_ouzium"
    },
    "gaia_blue_agate_sapling": {
      "textures": "textures/blocks/gaia_blue_agate_sapling"
    },
    "gaia_burning_sapling": {
      "textures": "textures/blocks/gaia_burning_sapling"
    },
    "gaia_burnt_sapling": {
      "textures": "textures/blocks/gaia_burnt_sapling"
    },
    "gaia_aura_sapling": {
      "textures": "textures/blocks/gaia_aura_sapling"
    },
    "gaia_green_agate_sapling": {
      "textures": "textures/blocks/gaia_green_agate_sapling"
    },
    "gaia_corrupted_sapling": {
      "textures": "textures/blocks/gaia_corrupted_sapling"
    },
    "gaia_varloom": {
      "textures": "textures/items/gaia_varloom"
    },
    "gaia_pink_agate_sapling": {
      "textures": "textures/blocks/gaia_pink_agate_sapling"
    },
    "gaia_thorny_wiltha": {
      "textures": "textures/items/gaia_thorny_wiltha"
    },
    "gaia_stickly_cupsir": {
      "textures": "textures/items/gaia_stickly_cupsir"
    },
    "gaia_fossilized_sapling": {
      "textures": "textures/blocks/gaia_fossilized_sapling"
    },
    "gaia_purple_agate_sapling": {
      "textures": "textures/blocks/gaia_purple_agate_sapling"
    },
    "gaia_spotted_kersei": {
      "textures": "textures/items/gaia_spotted_kersei"
    },
    "gaia_fungus_pink": {
      "textures": "textures/items/gaia_fungus_pink"
    },
    "gaia_elder_imklia": {
      "textures": "textures/items/gaia_elder_imklia"
    },
    "gaia_gold_orb_tucher": {
      "textures": "textures/items/gaia_gold_orb_tucher"
    },
    "gaia_roofed_agaric": {
      "textures": "textures/items/gaia_roofed_agaric"
    },
    "gaia_missingno_fungus": {
      "textures": "textures/items/gaia_missingno_fungus"
    },
    "gaia_mystical_murgni": {
      "textures": "textures/items/gaia_mystical_murgni"
    },
    "gaia_missingno_plant": {
      "textures": "textures/items/gaia_missingno_plant"
    },
    "gaia_crystal_growth": {
      "textures": "textures/items/gaia_crystal_growth"
    },
    "gaia_crystal_growth_seared": {
      "textures": "textures/items/gaia_crystal_growth_seared"
    },
    "gaia_crystal_growth_aura": {
      "textures": "textures/items/gaia_crystal_growth_aura"
    },
    "gaia_crystal_growth_red": {
      "textures": "textures/items/gaia_crystal_growth_red"
    },
    "gaia_crystal_growth_black": {
      "textures": "textures/items/gaia_crystal_growth_black"
    },
    "gaia_corrupted_gaia_eye": {
      "textures": "textures/items/gaia_corrupted_gaia_eye"
    },
    "gaia_crystal_growth_mutant": {
      "textures": "textures/items/gaia_crystal_growth_mutant"
    },
    "gaia_corrupted_varloom": {
      "textures": "textures/items/gaia_corrupted_varloom"
    },
    "gaia_bulbous_hobina": {
      "textures": "textures/items/gaia_bulbous_hobina"
    },
    "gaia_agathum": {
      "textures": "textures/items/gaia_agathum"
   },
   "texture_name" : "atlas.items"
}
}