{
  "resource_pack_name": "vanilla",
  "texture_name": "atlas.terrain",
  "padding": 8,
  "num_mip_levels": 4,
  "texture_data": {
    "gaia_pink_glitter_grass_up": {
      "textures": "textures/blocks/gaia_pink_glitter_grass_up"
    },
    "gaia_blue_glitter_grass_up": {
      "textures": "textures/blocks/gaia_blue_glitter_grass_up"
    },
    "gaia_yellow_glitter_grass_up": {
      "textures": "textures/blocks/gaia_yellow_glitter_grass_up"
    },
    "gaia_green_glitter_grass_up": {
      "textures": "textures/blocks/gaia_green_glitter_grass_up"
    },
    "gaia_heavy_soil": {
      "textures": [
        "textures/blocks/gaia_heavy_soil"
      ]
    },
    "gaia_pink_glitter_grass_down": {
      "textures": "textures/blocks/gaia_pink_glitter_grass_down"
    },
    "gaia_salt": {
      "textures": [
        "textures/blocks/gaia_salt"
      ]
    },
    "gaia_block_of_aura_crystal": {
      "textures": [
        "textures/blocks/gaia_block_of_aura_crystal"
      ]
    },
    "gaia_blue_glitter_grass_down": {
      "textures": "textures/blocks/gaia_blue_glitter_grass_down"
    },
    "gaia_yellow_glitter_grass_down": {
      "textures": "textures/blocks/gaia_yellow_glitter_grass_down"
    },
    "gaia_green_glitter_grass_down": {
      "textures": "textures/blocks/gaia_green_glitter_grass_down"
    },
    "gaia_pink_glitter_grass_side": {
      "textures": "textures/blocks/gaia_pink_glitter_grass_side"
    },
    "gaia_blue_glitter_grass_side": {
      "textures": "textures/blocks/gaia_blue_glitter_grass_side"
    },
    "gaia_yellow_glitter_grass_side": {
      "textures": "textures/blocks/gaia_yellow_glitter_grass_side"
    },
    "gaia_green_glitter_grass_side": {
      "textures": "textures/blocks/gaia_green_glitter_grass_side"
    },
    "ani_gaia_active_rock": {
      "textures": [
        "textures/blocks/gaia_active_rock"
      ]
    },
    "gaia_aura_log_up": {
      "textures": "textures/blocks/gaia_aura_log_up"
    },
    "gaia_agate_crafting_table_up": {
      "textures": "textures/blocks/gaia_agate_crafting_table_up"
    },
    "gaia_bolstered_brick": {
      "textures": [
        "textures/blocks/gaia_bolstered_brick"
      ]
    },
    "gaia_boggy_soil": {
      "textures": [
        "textures/blocks/gaia_boggy_soil"
      ]
    },
    "gaia_aura_log_down": {
      "textures": "textures/blocks/gaia_aura_log_down"
    },
    "gaia_benitoite_block": {
      "textures": [
        "textures/blocks/gaia_benitoite_block"
      ]
    },
    "gaia_agate_crafting_table_down": {
      "textures": "textures/blocks/gaia_agate_crafting_table_down"
    },
    "gaia_aura_leaves": {
      "textures": [
        "textures/blocks/gaia_aura_leaves"
      ]
    },
    "gaia_aura_planks": {
      "textures": [
        "textures/blocks/gaia_aura_planks"
      ]
    },
    "gaia_bismuth_block": {
      "textures": [
        "textures/blocks/gaia_bismuth_block"
      ]
    },
    "gaia_aura_log_side": {
      "textures": "textures/blocks/gaia_aura_log_side"
    },
    "gaia_agate_crafting_table_north": {
      "textures": "textures/blocks/gaia_agate_crafting_table_north"
    },
    "gaia_agate_crafting_table_south": {
      "textures": "textures/blocks/gaia_agate_crafting_table_south"
    },
    "gaia_agate_crafting_table_east": {
      "textures": "textures/blocks/gaia_agate_crafting_table_east"
    },
    "gaia_agate_crafting_table_west": {
      "textures": "textures/blocks/gaia_agate_crafting_table_west"
    },
    "gaia_blue_agate_log_up": {
      "textures": "textures/blocks/gaia_blue_agate_log_up"
    },
    "gaia_volcanic_rock": {
      "textures": [
        "textures/blocks/gaia_volcanic_rock"
      ]
    },
    "gaia_chalcedony_block": {
      "textures": [
        "textures/blocks/gaia_chalcedony_block"
      ]
    },
    "gaia_blue_agate_planks": {
      "textures": [
        "textures/blocks/gaia_blue_agate_planks"
      ]
    },
    "gaia_blue_agate_log_down": {
      "textures": "textures/blocks/gaia_blue_agate_log_down"
    },
    "gaia_blue_agate_leaves": {
      "textures": [
        "textures/blocks/gaia_blue_agate_leaves"
      ]
    },
    "gaia_blue_agate_log_side": {
      "textures": "textures/blocks/gaia_blue_agate_log_side"
    },
    "ani_gaia_burning_planks": {
      "textures": [
        "textures/blocks/gaia_burning_planks"
      ]
    },
    "ani_gaia_burning_log": {
      "textures": [
        "textures/blocks/gaia_burning_log"
      ]
    },
    "ani_gaia_burning_leaves": {
      "textures": [
        "textures/blocks/gaia_burning_leaves"
      ]
    },
    "gaia_pink_agate_log_up": {
      "textures": "textures/blocks/gaia_pink_agate_log_up"
    },
    "gaia_purple_agate_log_up": {
      "textures": "textures/blocks/gaia_purple_agate_log_up"
    },
    "gaia_burnt_agate": {
      "textures": [
        "textures/blocks/gaia_burnt_agate"
      ]
    },
    "gaia_charged_mineral": {
      "textures": [
        "textures/blocks/gaia_charged_mineral"
      ]
    },
    "gaia_pink_agate_log_down": {
      "textures": "textures/blocks/gaia_pink_agate_log_down"
    },
    "gaia_pink_agate_leaves": {
      "textures": [
        "textures/blocks/gaia_pink_agate_leaves"
      ]
    },
    "gaia_cinnabar_block": {
      "textures": [
        "textures/blocks/gaia_cinnabar_block"
      ]
    },
    "gaia_green_agate_planks": {
      "textures": [
        "textures/blocks/gaia_green_agate_planks"
      ]
    },
    "gaia_purple_agate_leaves": {
      "textures": [
        "textures/blocks/gaia_purple_agate_leaves"
      ]
    },
    "gaia_purple_agate_log_down": {
      "textures": "textures/blocks/gaia_purple_agate_log_down"
    },
    "gaia_pink_agate_log_side": {
      "textures": "textures/blocks/gaia_pink_agate_log_side"
    },
    "gaia_purple_agate_log_side": {
      "textures": "textures/blocks/gaia_purple_agate_log_side"
    },
    "gaia_green_agate_log_up": {
      "textures": "textures/blocks/gaia_green_agate_log_up"
    },
    "gaia_burnt_leaves": {
      "textures": [
        "textures/blocks/gaia_burnt_leaves"
      ]
    },
    "gaia_green_agate_log_down": {
      "textures": "textures/blocks/gaia_green_agate_log_down"
    },
    "gaia_green_agate_leaves": {
      "textures": [
        "textures/blocks/gaia_green_agate_leaves"
      ]
    },
    "gaia_coarse_rock": {
      "textures": [
        "textures/blocks/gaia_coarse_rock"
      ]
    },
    "gaia_green_agate_log_side": {
      "textures": "textures/blocks/gaia_green_agate_log_side"
    },
    "gaia_burnt_agate_log_up": {
      "textures": "textures/blocks/gaia_burnt_agate_log_up"
    },
    "gaia_green_agate_stair": {
      "textures": [
        "textures/blocks/gaia_green_agate_stair"
      ]
    },
    "gaia_cinnabar_ore": {
      "textures": [
        "textures/blocks/gaia_cinnabar_ore"
      ]
    },
    "gaia_purple_agate_planks": {
      "textures": [
        "textures/blocks/gaia_purple_agate_planks"
      ]
    },
    "gaia_burnt_agate_planks": {
      "textures": [
        "textures/blocks/gaia_burnt_agate_planks"
      ]
    },
    "gaia_raw_copal": {
      "textures": [
        "textures/blocks/gaia_raw_copal"
      ]
    },
    "gaia_copal_bricks": {
      "textures": [
        "textures/blocks/gaia_copal_bricks"
      ]
    },
    "gaia_carnelian_block": {
      "textures": [
        "textures/blocks/gaia_carnelian_block"
      ]
    },
    "gaia_burnt_agate_log_down": {
      "textures": "textures/blocks/gaia_burnt_agate_log_down"
    },
    "gaia_burnt_agate_log_side": {
      "textures": "textures/blocks/gaia_burnt_agate_log_side"
    },
    "gaia_blue_agate_stair": {
      "textures": [
        "textures/blocks/gaia_blue_agate_stair"
      ]
    },
    "gaia_green_agate_slab": {
      "textures": [
        "textures/blocks/gaia_green_agate_slab"
      ]
    },
    "gaia_aura_stair": {
      "textures": [
        "textures/blocks/gaia_aura_stair"
      ]
    },
    "gaia_purple_agate_stair": {
      "textures": [
        "textures/blocks/gaia_purple_agate_stair"
      ]
    },
    "gaia_blue_agate_slab": {
      "textures": [
        "textures/blocks/gaia_blue_agate_slab"
      ]
    },
    "gaia_pink_agate_stair": {
      "textures": [
        "textures/blocks/gaia_pink_agate_stair"
      ]
    },
    "gaia_aura_slab": {
      "textures": [
        "textures/blocks/gaia_aura_slab"
      ]
    },
    "gaia_pink_agate_slab": {
      "textures": [
        "textures/blocks/gaia_pink_agate_slab"
      ]
    },
    "gaia_purple_agate_slab": {
      "textures": [
        "textures/blocks/gaia_purple_agate_slab"
      ]
    },
    "gaia_corrupted_log_up": {
      "textures": "textures/blocks/gaia_corrupted_log_up"
    },
    "gaia_fossilised_log_up": {
      "textures": "textures/blocks/gaia_fossilised_log_up"
    },
    "gaia_corrupted_planks": {
      "textures": [
        "textures/blocks/gaia_corrupted_planks"
      ]
    },
    "gaia_light_soil": {
      "textures": [
        "textures/blocks/gaia_light_soil"
      ]
    },
    "gaia_corrupted_leaves": {
      "textures": [
        "textures/blocks/gaia_corrupted_leaves"
      ]
    },
    "gaia_corrupted_slab": {
      "textures": [
        "textures/blocks/gaia_corrupted_slab"
      ]
    },
    "gaia_corrupted_stair": {
      "textures": [
        "textures/blocks/gaia_corrupted_stair"
      ]
    },
    "gaia_corrupted_log_down": {
      "textures": "textures/blocks/gaia_corrupted_log_down"
    },
    "gaia_fossilised_log_down": {
      "textures": "textures/blocks/gaia_fossilised_log_down"
    },
    "gaia_fossilised_stair": {
      "textures": [
        "textures/blocks/gaia_fossilised_stair"
      ]
    },
    "gaia_corrupted_log_side": {
      "textures": "textures/blocks/gaia_corrupted_log_side"
    },
    "gaia_fossilised_log_side": {
      "textures": "textures/blocks/gaia_fossilised_log_side"
    },
    "gaia_fossilised_slab": {
      "textures": [
        "textures/blocks/gaia_fossilised_slab"
      ]
    },
    "gaia_burning_stair": {
      "textures": [
        "textures/blocks/gaia_burning_stair"
      ]
    },
    "gaia_fossilised_leaves": {
      "textures": [
        "textures/blocks/gaia_fossilised_leaves"
      ]
    },
    "gaia_fossilised_planks": {
      "textures": [
        "textures/blocks/gaia_fossilised_planks"
      ]
    },
    "gaia_burning_slab": {
      "textures": [
        "textures/blocks/gaia_burning_slab"
      ]
    },
    "gaia_corrupted_soil": {
      "textures": [
        "textures/blocks/gaia_corrupted_soil"
      ]
    },
    "gaia_jade_bricks": {
      "textures": [
        "textures/blocks/gaia_jade_bricks"
      ]
    },
    "gaia_cracked_gaia_stone_brick": {
      "textures": [
        "textures/blocks/gaia_cracked_gaia_stone_brick"
      ]
    },
    "gaia_gaia_cobblestone": {
      "textures": [
        "textures/blocks/gaia_gaia_cobblestone"
      ]
    },
    "gaia_raw_jade": {
      "textures": [
        "textures/blocks/gaia_raw_jade"
      ]
    },
    "gaia_cloudy_glass": {
      "textures": [
        "textures/blocks/gaia_cloudy_glass"
      ]
    },
    "gaia_cracked_jade_brick": {
      "textures": [
        "textures/blocks/gaia_cracked_jade_brick"
      ]
    },
    "gaia_gaia_cobblestone_slab": {
      "textures": [
        "textures/blocks/gaia_gaia_cobblestone_slab"
      ]
    },
    "gaia_gaia_cobblestone_stair": {
      "textures": [
        "textures/blocks/gaia_gaia_cobblestone_stair"
      ]
    },
    "gaia_foggy_glass": {
      "textures": [
        "textures/blocks/gaia_foggy_glass"
      ]
    },
    "gaia_gaia_stone": {
      "textures": [
        "textures/blocks/gaia_gaia_stone"
      ]
    },
    "gaia_malachite_bricks": {
      "textures": [
        "textures/blocks/gaia_malachite_bricks"
      ]
    },
    "gaia_amethyst_slab": {
      "textures": [
        "textures/blocks/gaia_amethyst_slab"
      ]
    },
    "gaia_pink_agate_planks": {
      "textures": [
        "textures/blocks/gaia_pink_agate_planks"
      ]
    },
    "gaia_gaia_stone_slab": {
      "textures": [
        "textures/blocks/gaia_gaia_stone_slab"
      ]
    },
    "gaia_amethyst_brick": {
      "textures": [
        "textures/blocks/gaia_amethyst_brick"
      ]
    },
    "gaia_gaia_stone_stair": {
      "textures": [
        "textures/blocks/gaia_gaia_stone_stair"
      ]
    },
    "gaia_amethyst_stair": {
      "textures": [
        "textures/blocks/gaia_amethyst_stair"
      ]
    },
    "gaia_diopside_block": {
      "textures": [
        "textures/blocks/gaia_diopside_block"
      ]
    },
    "gaia_cracked_gaia_stone_brick_stairs": {
      "textures": [
        "textures/blocks/gaia_cracked_gaia_stone_brick_stairs"
      ]
    },
    "gaia_green_agate_wood": {
      "textures": [
        "textures/blocks/gaia_green_agate_wood"
      ]
    },
    "gaia_pink_agate_wood": {
      "textures": [
        "textures/blocks/gaia_pink_agate_wood"
      ]
    },
    "gaia_stripped_aura_wood": {
      "textures": [
        "textures/blocks/gaia_stripped_aura_wood"
      ]
    },
    "gaia_aura_wood": {
      "textures": [
        "textures/blocks/gaia_aura_wood"
      ]
    },
    "gaia_blue_agate_wood": {
      "textures": [
        "textures/blocks/gaia_blue_agate_wood"
      ]
    },
    "gaia_malachite_planks": {
      "textures": [
        "textures/blocks/gaia_malachite_planks"
      ]
    },
    "gaia_purple_agate_wood": {
      "textures": [
        "textures/blocks/gaia_purple_agate_wood"
      ]
    },
    "gaia_burnt_agate_wood": {
      "textures": [
        "textures/blocks/gaia_burnt_agate_wood"
      ]
    },
    "gaia_corrupted_wood": {
      "textures": [
        "textures/blocks/gaia_corrupted_wood"
      ]
    },
    "gaia_fossilised_wood": {
      "textures": [
        "textures/blocks/gaia_fossilised_wood"
      ]
    },
    "gaia_precious_rock": {
      "textures": [
        "textures/blocks/gaia_precious_rock"
      ]
    },
    "ani_gaia_burning_wood": {
      "textures": [
        "textures/blocks/gaia_burning_wood"
      ]
    },
    "gaia_jade_brick_stair": {
      "textures": [
        "textures/blocks/gaia_jade_brick_stair"
      ]
    },
    "gaia_pyrite_block": {
      "textures": [
        "textures/blocks/gaia_pyrite_block"
      ]
    },
    "gaia_cracked_jade_brick_stair": {
      "textures": [
        "textures/blocks/gaia_cracked_jade_brick_stair"
      ]
    },
    "gaia_malachite_tile_slab": {
      "textures": [
        "textures/blocks/gaia_malachite_tile_slab"
      ]
    },
    "gaia_cracked_jade_brick_slab": {
      "textures": [
        "textures/blocks/gaia_cracked_jade_brick_slab"
      ]
    },
    "gaia_stripped_purple_agate_wood": {
      "textures": [
        "textures/blocks/gaia_stripped_purple_agate_wood"
      ]
    },
    "gaia_jade_brick_slab": {
      "textures": [
        "textures/blocks/gaia_jade_brick_slab"
      ]
    },
    "gaia_stripped_corrupted_log_up": {
      "textures": "textures/blocks/gaia_stripped_corrupted_log_up"
    },
    "gaia_stripped_corrupted_wood": {
      "textures": [
        "textures/blocks/gaia_stripped_corrupted_wood"
      ]
    },
    "gaia_stripped_pink_agate_wood": {
      "textures": [
        "textures/blocks/gaia_stripped_pink_agate_wood"
      ]
    },
    "gaia_stripped_green_agate_wood": {
      "textures": [
        "textures/blocks/gaia_stripped_green_agate_wood"
      ]
    },
    "gaia_stripped_fossilised_wood": {
      "textures": [
        "textures/blocks/gaia_stripped_fossilised_wood"
      ]
    },
    "gaia_stripped_corrupted_log_down": {
      "textures": "textures/blocks/gaia_stripped_corrupted_log_down"
    },
    "gaia_stripped_blue_agate_wood": {
      "textures": [
        "textures/blocks/gaia_stripped_blue_agate_wood"
      ]
    },
    "gaia_stripped_burnt_agate_wood": {
      "textures": [
        "textures/blocks/gaia_stripped_burnt_agate_wood"
      ]
    },
    "ani_gaia_stripped_burning_wood": {
      "textures": [
        "textures/blocks/gaia_stripped_burning_wood"
      ]
    },
    "gaia_stripped_corrupted_log_side": {
      "textures": "textures/blocks/gaia_stripped_corrupted_log_side"
    },
    "gaia_stripped_fossilised_log_up": {
      "textures": "textures/blocks/gaia_stripped_fossilised_log_up"
    },
    "gaia_stripped_burnt_agate_log_up": {
      "textures": "textures/blocks/gaia_stripped_burnt_agate_log_up"
    },
    "gaia_stripped_pink_agate_log_up": {
      "textures": "textures/blocks/gaia_stripped_pink_agate_log_up"
    },
    "gaia_stripped_blue_agate_log_up": {
      "textures": "textures/blocks/gaia_stripped_blue_agate_log_up"
    },
    "gaia_stripped_purple_agate_log_up": {
      "textures": "textures/blocks/gaia_stripped_purple_agate_log_up"
    },
    "gaia_stripped_green_agate_log_up": {
      "textures": "textures/blocks/gaia_stripped_green_agate_log_up"
    },
    "gaia_stripped_aura_log_up": {
      "textures": "textures/blocks/gaia_stripped_aura_log_up"
    },
    "gaia_stripped_blue_agate_log_down": {
      "textures": "textures/blocks/gaia_stripped_blue_agate_log_down"
    },
    "gaia_stripped_purple_agate_log_down": {
      "textures": "textures/blocks/gaia_stripped_purple_agate_log_down"
    },
    "gaia_stripped_green_agate_log_down": {
      "textures": "textures/blocks/gaia_stripped_green_agate_log_down"
    },
    "gaia_stripped_aura_log_down": {
      "textures": "textures/blocks/gaia_stripped_aura_log_down"
    },
    "gaia_stripped_pink_agate_log_down": {
      "textures": "textures/blocks/gaia_stripped_pink_agate_log_down"
    },
    "gaia_stripped_burnt_agate_log_down": {
      "textures": "textures/blocks/gaia_stripped_burnt_agate_log_down"
    },
    "gaia_stripped_fossilised_log_down": {
      "textures": "textures/blocks/gaia_stripped_fossilised_log_down"
    },
    "gaia_stripped_blue_agate_log_side": {
      "textures": "textures/blocks/gaia_stripped_blue_agate_log_side"
    },
    "ani_gaia_stripped_burning_log": {
      "textures": [
        "textures/blocks/gaia_stripped_burning_log"
      ]
    },
    "gaia_stripped_purple_agate_log_side": {
      "textures": "textures/blocks/gaia_stripped_purple_agate_log_side"
    },
    "gaia_stripped_green_agate_log_side": {
      "textures": "textures/blocks/gaia_stripped_green_agate_log_side"
    },
    "gaia_stripped_aura_log_side": {
      "textures": "textures/blocks/gaia_stripped_aura_log_side"
    },
    "gaia_stripped_burnt_agate_log_side": {
      "textures": "textures/blocks/gaia_stripped_burnt_agate_log_side"
    },
    "gaia_stripped_fossilised_log_side": {
      "textures": "textures/blocks/gaia_stripped_fossilised_log_side"
    },
    "gaia_stripped_pink_agate_log_side": {
      "textures": "textures/blocks/gaia_stripped_pink_agate_log_side"
    },
    "gaia_hematite_block": {
      "textures": [
        "textures/blocks/gaia_hematite_block"
      ]
    },
    "gaia_burnt_agate_tile_slab": {
      "textures": [
        "textures/blocks/gaia_burnt_agate_tile_slab"
      ]
    },
    "gaia_burnt_agate_stair": {
      "textures": [
        "textures/blocks/gaia_burnt_agate_stair"
      ]
    },
    "gaia_hematite_ore": {
      "textures": [
        "textures/blocks/gaia_hematite_ore"
      ]
    },
    "gaia_murky_grass_up": {
      "textures": "textures/blocks/gaia_murky_grass_up"
    },
    "gaia_raw_jet": {
      "textures": [
        "textures/blocks/gaia_raw_jet"
      ]
    },
    "gaia_murky_grass_down": {
      "textures": "textures/blocks/gaia_murky_grass_down"
    },
    "gaia_ixiolite_block": {
      "textures": [
        "textures/blocks/gaia_ixiolite_block"
      ]
    },
    "gaia_raw_amethyst": {
      "textures": [
        "textures/blocks/gaia_raw_amethyst"
      ]
    },
    "gaia_sugilite_ore": {
      "textures": [
        "textures/blocks/gaia_sugilite_ore"
      ]
    },
    "gaia_murky_grass_side": {
      "textures": "textures/blocks/gaia_murky_grass_side"
    },
    "gaia_corrupted_grass_up": {
      "textures": "textures/blocks/gaia_corrupted_grass_up"
    },
    "gaia_purple_glitter_grass_up": {
      "textures": "textures/blocks/gaia_purple_glitter_grass_up"
    },
    "gaia_corrupted_grass_down": {
      "textures": "textures/blocks/gaia_corrupted_grass_down"
    },
    "gaia_purple_glitter_grass_down": {
      "textures": "textures/blocks/gaia_purple_glitter_grass_down"
    },
    "gaia_pyrite_ore": {
      "textures": [
        "textures/blocks/gaia_pyrite_ore"
      ]
    },
    "gaia_jet_brick_stair": {
      "textures": [
        "textures/blocks/gaia_jet_brick_stair"
      ]
    },
    "gaia_impure_rock": {
      "textures": [
        "textures/blocks/gaia_impure_rock"
      ]
    },
    "gaia_impure_sludge": {
      "textures": [
        "textures/blocks/gaia_impure_sludge"
      ]
    },
    "gaia_jet_brick": {
      "textures": [
        "textures/blocks/gaia_jet_brick"
      ]
    },
    "gaia_jet_brick_slab": {
      "textures": [
        "textures/blocks/gaia_jet_brick_slab"
      ]
    },
    "gaia_corrupted_grass_side": {
      "textures": "textures/blocks/gaia_corrupted_grass_side"
    },
    "gaia_purple_glitter_grass_side": {
      "textures": "textures/blocks/gaia_purple_glitter_grass_side"
    },
    "gaia_white_opal_ore": {
      "textures": [
        "textures/blocks/gaia_white_opal_ore"
      ]
    },
    "gaia_searing_rock": {
      "textures": [
        "textures/blocks/gaia_searing_rock"
      ]
    },
    "gaia_green_opal_ore": {
      "textures": [
        "textures/blocks/gaia_green_opal_ore"
      ]
    },
    "gaia_red_opal_ore": {
      "textures": [
        "textures/blocks/gaia_red_opal_ore"
      ]
    },
    "gaia_blue_opal_ore": {
      "textures": [
        "textures/blocks/gaia_blue_opal_ore"
      ]
    },
    "gaia_green_opal_block": {
      "textures": [
        "textures/blocks/gaia_green_opal_block"
      ]
    },
    "gaia_white_opal_block": {
      "textures": [
        "textures/blocks/gaia_white_opal_block"
      ]
    },
    "gaia_red_opal_block": {
      "textures": [
        "textures/blocks/gaia_red_opal_block"
      ]
    },
    "gaia_blue_opal_block": {
      "textures": [
        "textures/blocks/gaia_blue_opal_block"
      ]
    },
    "gaia_soft_grass_up": {
      "textures": "textures/blocks/gaia_soft_grass_up"
    },
    "gaia_cracked_copal_bricks": {
      "textures": [
        "textures/blocks/gaia_cracked_copal_bricks"
      ]
    },
    "gaia_copal_brick_stair": {
      "textures": [
        "textures/blocks/gaia_copal_brick_stair"
      ]
    },
    "gaia_cracked_copal_brick_slab": {
      "textures": [
        "textures/blocks/gaia_cracked_copal_brick_slab"
      ]
    },
    "gaia_copal_brick_slab": {
      "textures": [
        "textures/blocks/gaia_copal_brick_slab"
      ]
    },
    "gaia_soft_grass_down": {
      "textures": "textures/blocks/gaia_soft_grass_down"
    },
    "gaia_cracked_copal_brick_stair": {
      "textures": [
        "textures/blocks/gaia_cracked_copal_brick_stair"
      ]
    },
    "gaia_soft_grass_side": {
      "textures": "textures/blocks/gaia_soft_grass_side"
    },
    "gaia_green_soft_grass_up": {
      "textures": "textures/blocks/gaia_green_soft_grass_up"
    },
    "gaia_green_soft_grass_down": {
      "textures": "textures/blocks/gaia_green_soft_grass_down"
    },
    "gaia_cracked_jet_brick": {
      "textures": [
        "textures/blocks/gaia_cracked_jet_brick"
      ]
    },
    "gaia_cracked_jet_brick_stair": {
      "textures": [
        "textures/blocks/gaia_cracked_jet_brick_stair"
      ]
    },
    "gaia_cracked_jet_brick_slab": {
      "textures": [
        "textures/blocks/gaia_cracked_jet_brick_slab"
      ]
    },
    "gaia_crusted_jet_brick_stair": {
      "textures": [
        "textures/blocks/gaia_crusted_jet_brick_stair"
      ]
    },
    "gaia_green_soft_grass_side": {
      "textures": "textures/blocks/gaia_green_soft_grass_side"
    },
    "gaia_crusted_copal_brick_stair": {
      "textures": [
        "textures/blocks/gaia_crusted_copal_brick_stair"
      ]
    },
    "gaia_crusted_jade_brick": {
      "textures": [
        "textures/blocks/gaia_crusted_jade_brick"
      ]
    },
    "gaia_cracked_gaia_stone_brick_slab": {
      "textures": [
        "textures/blocks/gaia_cracked_gaia_stone_brick_slab"
      ]
    },
    "gaia_crusted_jet_brick_slab": {
      "textures": [
        "textures/blocks/gaia_crusted_jet_brick_slab"
      ]
    },
    "gaia_crusted_malachite_bricks": {
      "textures": [
        "textures/blocks/gaia_crusted_malachite_bricks"
      ]
    },
    "gaia_crusted_jade_brick_stair": {
      "textures": [
        "textures/blocks/gaia_crusted_jade_brick_stair"
      ]
    },
    "gaia_crusted_jet_brick": {
      "textures": [
        "textures/blocks/gaia_crusted_jet_brick"
      ]
    },
    "gaia_crusted_jade_brick_slab": {
      "textures": [
        "textures/blocks/gaia_crusted_jade_brick_slab"
      ]
    },
    "gaia_crusted_copal_brick": {
      "textures": [
        "textures/blocks/gaia_crusted_copal_brick"
      ]
    },
    "gaia_crusted_amethyst_brick": {
      "textures": [
        "textures/blocks/gaia_crusted_amethyst_brick"
      ]
    },
    "gaia_crusted_copal_brick_slab": {
      "textures": [
        "textures/blocks/gaia_crusted_copal_brick_slab"
      ]
    },
    "gaia_crusted_amethyst_brick_stair": {
      "textures": [
        "textures/blocks/gaia_crusted_amethyst_brick_stair"
      ]
    },
    "gaia_crusted_malachite_brick_stair": {
      "textures": [
        "textures/blocks/gaia_crusted_malachite_brick_stair"
      ]
    },
    "gaia_crusted_amethyst_brick_slab": {
      "textures": [
        "textures/blocks/gaia_crusted_amethyst_brick_slab"
      ]
    },
    "gaia_crusted_malachite_brick_slab": {
      "textures": [
        "textures/blocks/gaia_crusted_malachite_brick_slab"
      ]
    },
    "gaia_crusted_gaia_brick_slab": {
      "textures": [
        "textures/blocks/gaia_crusted_gaia_brick_slab"
      ]
    },
    "gaia_crusted_gaia_brick_stair": {
      "textures": [
        "textures/blocks/gaia_crusted_gaia_brick_stair"
      ]
    },
    "gaia_gaia_brick_slab": {
      "textures": [
        "textures/blocks/gaia_gaia_brick_slab"
      ]
    },
    "gaia_crusted_gaia_brick": {
      "textures": [
        "textures/blocks/gaia_crusted_gaia_brick"
      ]
    },
    "gaia_gaia_brick": {
      "textures": [
        "textures/blocks/gaia_gaia_brick"
      ]
    },
    "gaia_gaia_brick_stair": {
      "textures": [
        "textures/blocks/gaia_gaia_brick_stair"
      ]
    },
    "gaia_tektite_block": {
      "textures": [
        "textures/blocks/gaia_tektite_block"
      ]
    },
    "gaia_sugilite_block": {
      "textures": [
        "textures/blocks/gaia_sugilite_block"
      ]
    },
    "gaia_tektite_ore": {
      "textures": [
        "textures/blocks/gaia_tektite_ore"
      ]
    },
    "gaia_moonstone_ore": {
      "textures": [
        "textures/blocks/gaia_moonstone_ore"
      ]
    },
    "gaia_pebbles": {
      "textures": [
        "textures/blocks/gaia_pebbles"
      ]
    },
    "gaia_speckled_rock": {
      "textures": [
        "textures/blocks/gaia_speckled_rock"
      ]
    },
    "gaia_moonstone_block": {
      "textures": [
        "textures/blocks/gaia_moonstone_block"
      ]
    },
    "gaia_geyser_vent_up": {
      "textures": "textures/blocks/gaia_geyser_vent_up"
    },
    "gaia_euclase_block": {
      "textures": [
        "textures/blocks/gaia_euclase_block"
      ]
    },
    "gaia_labradorite_block": {
      "textures": [
        "textures/blocks/gaia_labradorite_block"
      ]
    },
    "gaia_labradorite_ore": {
      "textures": [
        "textures/blocks/gaia_labradorite_ore"
      ]
    },
    "gaia_geyser_vent_down": {
      "textures": "textures/blocks/gaia_geyser_vent_down"
    },
    "gaia_leucite_block": {
      "textures": [
        "textures/blocks/gaia_leucite_block"
      ]
    },
    "gaia_geyser_vent_side": {
      "textures": "textures/blocks/gaia_geyser_vent_side"
    },
    "gaia_pink_sludge_block": {
      "textures": [
        "textures/blocks/gaia_pink_sludge_block"
      ]
    },
    "gaia_gummy_glitter_block": {
      "textures": [
        "textures/blocks/gaia_gummy_glitter_block"
      ]
    },
    "gaia_proustite_block": {
      "textures": [
        "textures/blocks/gaia_proustite_block"
      ]
    },
    "ani_gaia_goldstone_block": {
      "textures": [
        "textures/blocks/gaia_goldstone_block"
      ]
    },
    "gaia_malachite_brick_stair": {
      "textures": [
        "textures/blocks/gaia_malachite_brick_stair"
      ]
    },
    "gaia_frail_glitter_block": {
      "textures": [
        "textures/blocks/gaia_frail_glitter_block"
      ]
    },
    "gaia_thick_glitter_block": {
      "textures": [
        "textures/blocks/gaia_thick_glitter_block"
      ]
    },
    "gaia_malachite_tile_stair": {
      "textures": [
        "textures/blocks/gaia_malachite_tile_stair"
      ]
    },
    "gaia_sparkling_rock": {
      "textures": [
        "textures/blocks/gaia_sparkling_rock"
      ]
    },
    "gaia_malachite_brick_slab": {
      "textures": [
        "textures/blocks/gaia_malachite_brick_slab"
      ]
    },
    "gaia_chiselled_malachite_brick_slab": {
      "textures": [
        "textures/blocks/gaia_chiselled_malachite_brick_slab"
      ]
    },
    "gaia_cracked_malachite_brick_slab": {
      "textures": [
        "textures/blocks/gaia_cracked_malachite_brick_slab"
      ]
    },
    "gaia_cracked_malachite_brick": {
      "textures": [
        "textures/blocks/gaia_cracked_malachite_brick"
      ]
    },
    "gaia_chiselled_malachite_brick_stair": {
      "textures": [
        "textures/blocks/gaia_chiselled_malachite_brick_stair"
      ]
    },
    "gaia_cracked_malachite_brick_stair": {
      "textures": [
        "textures/blocks/gaia_cracked_malachite_brick_stair"
      ]
    },
    "gaia_pulsing_malachite_brick": {
      "textures": [
        "textures/blocks/gaia_pulsing_malachite_brick"
      ]
    },
    "gaia_chiselled_malachite_brick": {
      "textures": [
        "textures/blocks/gaia_chiselled_malachite_brick"
      ]
    },
    "gaia_malachite_pillar_up": {
      "textures": "textures/blocks/gaia_malachite_pillar_up"
    },
    "gaia_pulsing_chiselled_malachite_brick_slab": {
      "textures": [
        "textures/blocks/gaia_pulsing_chiselled_malachite_brick_slab"
      ]
    },
    "gaia_pulsing_chiselled_malachite_brick": {
      "textures": [
        "textures/blocks/gaia_pulsing_chiselled_malachite_brick"
      ]
    },
    "gaia_pulsing_malachite_brick_stair": {
      "textures": [
        "textures/blocks/gaia_pulsing_malachite_brick_stair"
      ]
    },
    "gaia_pulsing_malachite_planks": {
      "textures": [
        "textures/blocks/gaia_pulsing_malachite_planks"
      ]
    },
    "gaia_malachite_pillar_stair": {
      "textures": [
        "textures/blocks/gaia_malachite_pillar_stair"
      ]
    },
    "gaia_malachite_pillar_down": {
      "textures": "textures/blocks/gaia_malachite_pillar_down"
    },
    "gaia_pulsing_chiselled_malachite_brick_stair": {
      "textures": [
        "textures/blocks/gaia_pulsing_chiselled_malachite_brick_stair"
      ]
    },
    "gaia_pulsing_malachite_tile_stair": {
      "textures": [
        "textures/blocks/gaia_pulsing_malachite_tile_stair"
      ]
    },
    "gaia_malachite_pillar_side": {
      "textures": "textures/blocks/gaia_malachite_pillar_side"
    },
    "gaia_black_glitter_grass_up": {
      "textures": "textures/blocks/gaia_black_glitter_grass_up"
    },
    "gaia_black_glitter_grass_down": {
      "textures": "textures/blocks/gaia_black_glitter_grass_down"
    },
    "gaia_cracked_amethyst_bricks": {
      "textures": [
        "textures/blocks/gaia_cracked_amethyst_bricks"
      ]
    },
    "gaia_black_glitter_grass_side": {
      "textures": "textures/blocks/gaia_black_glitter_grass_side"
    },
         "gaia_portal" : {
         "textures" : "textures/blocks/gaia_portal"
      },
      "gaia_keystone" : {
         "textures" : "textures/blocks/gaia_keystone"
      },
    "gaia_blue_agate_sapling": {
      "textures": [
        "textures/blocks/gaia_blue_agate_sapling"
      ]
    },
    "gaia_burning_sapling": {
      "textures": [
        "textures/blocks/gaia_burning_sapling"
      ]
    },
    "gaia_burnt_sapling": {
      "textures": [
        "textures/blocks/gaia_burnt_sapling"
      ]
    },
    "gaia_aura_sapling": {
      "textures": [
        "textures/blocks/gaia_aura_sapling"
      ]
    },
    "gaia_thiscus_stage_0": {
      "textures": [
        "textures/blocks/gaia_thiscus_stage_0"
      ]
    },
    "gaia_ouzium_stage_0": {
      "textures": [
        "textures/blocks/gaia_ouzium_stage_0"
      ]
    },
    "gaia_thiscus_stage_1": {
      "textures": [
        "textures/blocks/gaia_thiscus_stage_1"
      ]
    },
    "gaia_ouzium_stage_1": {
      "textures": [
        "textures/blocks/gaia_ouzium_stage_1"
      ]
    },
    "gaia_green_agate_sapling": {
      "textures": [
        "textures/blocks/gaia_green_agate_sapling"
      ]
    },
    "gaia_corrupted_sapling": {
      "textures": [
        "textures/blocks/gaia_corrupted_sapling"
      ]
    },
    "gaia_pink_agate_sapling": {
      "textures": [
        "textures/blocks/gaia_pink_agate_sapling"
      ]
    },
    "gaia_fossilized_sapling": {
      "textures": [
        "textures/blocks/gaia_fossilized_sapling"
      ]
    },
    "gaia_purple_agate_sapling": {
      "textures": [
        "textures/blocks/gaia_purple_agate_sapling"
      ]
    },
    "gaia_stickly_cupsir_stage_0": {
      "textures": [
        "textures/blocks/gaia_stickly_cupsir_stage_0"
      ]
    },
    "gaia_thorny_wiltha_stage_0": {
      "textures": [
        "textures/blocks/gaia_thorny_wiltha_stage_0"
      ]
    },
    "gaia_varloom_stage_0": {
      "textures": [
        "textures/blocks/gaia_varloom_stage_0"
      ]
    },
    "gaia_stickly_cupsir_stage_1": {
      "textures": [
        "textures/blocks/gaia_stickly_cupsir_stage_1"
      ]
    },
    "gaia_thorny_wiltha_stage_1": {
      "textures": [
        "textures/blocks/gaia_thorny_wiltha_stage_1"
      ]
    },
    "gaia_varloom_stage_1": {
      "textures": [
        "textures/blocks/gaia_varloom_stage_1"
      ]
    },
    "gaia_spotted_kersei_stage_0": {
      "textures": [
        "textures/blocks/gaia_spotted_kersei_stage_0"
      ]
    },
    "gaia_fungus_pink_stage_0": {
      "textures": [
        "textures/blocks/gaia_fungus_pink_stage_0"
      ]
    },
    "gaia_elder_imklia_stage_0": {
      "textures": [
        "textures/blocks/gaia_elder_imklia_stage_0"
      ]
    },
    "gaia_gold_orb_tucher_stage_0": {
      "textures": [
        "textures/blocks/gaia_gold_orb_tucher_stage_0"
      ]
    },
    "gaia_roofed_agaric_stage_0": {
      "textures": [
        "textures/blocks/gaia_roofed_agaric_stage_0"
      ]
    },
    "gaia_missingno_fungus_stage_0": {
      "textures": [
        "textures/blocks/gaia_missingno_fungus_stage_0"
      ]
    },
    "gaia_mystical_murgni_stage_0": {
      "textures": [
        "textures/blocks/gaia_mystical_murgni_stage_0"
      ]
    },
    "gaia_missingno_plant_stage_0": {
      "textures": [
        "textures/blocks/gaia_missingno_plant_stage_0"
      ]
    },
    "gaia_fungus_pink_stage_1": {
      "textures": [
        "textures/blocks/gaia_fungus_pink_stage_1"
      ]
    },
    "gaia_elder_imklia_stage_1": {
      "textures": [
        "textures/blocks/gaia_elder_imklia_stage_1"
      ]
    },
    "gaia_missingno_fungus_stage_1": {
      "textures": [
        "textures/blocks/gaia_missingno_fungus_stage_1"
      ]
    },
    "gaia_gold_orb_tucher_stage_1": {
      "textures": [
        "textures/blocks/gaia_gold_orb_tucher_stage_1"
      ]
    },
    "gaia_roofed_agaric_stage_1": {
      "textures": [
        "textures/blocks/gaia_roofed_agaric_stage_1"
      ]
    },
    "gaia_spotted_kersei_stage_1": {
      "textures": [
        "textures/blocks/gaia_spotted_kersei_stage_1"
      ]
    },
    "gaia_mystical_murgni_stage_1": {
      "textures": [
        "textures/blocks/gaia_mystical_murgni_stage_1"
      ]
    },
    "gaia_missingno_plant_stage_1": {
      "textures": [
        "textures/blocks/gaia_missingno_plant_stage_1"
      ]
    },
    "gaia_crystal_growth_stage_0": {
      "textures": [
        "textures/blocks/gaia_crystal_growth_stage_0"
      ]
    },
    "gaia_crystal_growth_seared_stage_0": {
      "textures": [
        "textures/blocks/gaia_crystal_growth_seared_stage_0"
      ]
    },
    "gaia_crystal_growth_aura_stage_0": {
      "textures": [
        "textures/blocks/gaia_crystal_growth_aura_stage_0"
      ]
    },
    "gaia_crystal_growth_red_stage_0": {
      "textures": [
        "textures/blocks/gaia_crystal_growth_red_stage_0"
      ]
    },
    "gaia_crystal_growth_black_stage_0": {
      "textures": [
        "textures/blocks/gaia_crystal_growth_black_stage_0"
      ]
    },
    "gaia_corrupted_gaia_eye_stage_0": {
      "textures": [
        "textures/blocks/gaia_corrupted_gaia_eye_stage_0"
      ]
    },
    "gaia_crystal_growth_mutant_stage_0": {
      "textures": [
        "textures/blocks/gaia_crystal_growth_mutant_stage_0"
      ]
    },
    "gaia_corrupted_varloom_stage_0": {
      "textures": [
        "textures/blocks/gaia_corrupted_varloom_stage_0"
      ]
    },
    "gaia_crystal_growth_stage_1": {
      "textures": [
        "textures/blocks/gaia_crystal_growth_stage_1"
      ]
    },
    "gaia_crystal_growth_seared_stage_1": {
      "textures": [
        "textures/blocks/gaia_crystal_growth_seared_stage_1"
      ]
    },
    "gaia_crystal_growth_aura_stage_1": {
      "textures": [
        "textures/blocks/gaia_crystal_growth_aura_stage_1"
      ]
    },
    "gaia_crystal_growth_red_stage_1": {
      "textures": [
        "textures/blocks/gaia_crystal_growth_red_stage_1"
      ]
    },
    "gaia_crystal_growth_black_stage_1": {
      "textures": [
        "textures/blocks/gaia_crystal_growth_black_stage_1"
      ]
    },
    "gaia_corrupted_gaia_eye_stage_1": {
      "textures": [
        "textures/blocks/gaia_corrupted_gaia_eye_stage_1"
      ]
    },
    "gaia_crystal_growth_mutant_stage_1": {
      "textures": [
        "textures/blocks/gaia_crystal_growth_mutant_stage_1"
      ]
    },
    "gaia_corrupted_varloom_stage_1": {
      "textures": [
        "textures/blocks/gaia_corrupted_varloom_stage_1"
      ]
    },
    "gaia_bulbous_hobina_stage_0": {
      "textures": [
        "textures/blocks/gaia_bulbous_hobina_stage_0"
      ]
    },
    "gaia_agathum_stage_0": {
      "textures": [
        "textures/blocks/gaia_agathum_stage_0"
      ]
    },
    "gaia_bulbous_hobina_stage_1": {
      "textures": [
        "textures/blocks/gaia_bulbous_hobina_stage_1"
      ]
    },
    "gaia_agathum_stage_1": {
      "textures": [
        "textures/blocks/gaia_agathum_stage_1"
      ]
   },
   "texture_name" : "atlas.terrain"
}
}